,id,name,lineage,label,is_canonical,ntype,source
0,2863104,Uniglomerular mALT DA1 lPN 57316 2863105 ML,lPN,DA1_lPN,True,uPN,FAFB(R)
1,57349,Uniglomerular mALT DA3 adPN 57350 HG,adPN,DA3_adPN,True,uPN,FAFB(R)
2,12201990,neuron 12201991 mPN mALT left GD Amy,lPN,,False,mPN,FAFB(L)
3,57353,Uniglomerular mALT DA1 lPN 57354 GA,lPN,DA1_lPN,True,uPN,FAFB(R)
4,12201994,neuron 12201995 mPN mALT left XZ former Dragon,lPN,,False,mPN,FAFB(L)
5,16,Uniglomerular mALT VA6 adPN 017 DB,adPN,VA6_adPN,True,uPN,FAFB(R)
6,57361,Uniglomerular mALT VA5 lPN 57362 ML,lPN,VA5_lPN,True,uPN,FAFB(R)
7,12202003,neuron 12202004 mPN mALT left GD Avril,lPN,,False,mPN,FAFB(L)
8,57365,Uniglomerular mALT VA5 lPN 57366 NS,lPN,VA5_lPN,True,uPN,FAFB(R)
9,3813399,Multiglomerular mlALT vPN DP1m+DM3+DP1l+1 LTS 0.97 3813400 JS,vPN,,False,mPN,FAFB(R)
10,11524119,Uniglomerular lALT VP1m l2PN 65701 AJ ECM,l2PN,VP1m_l2PN,False,uPN,FAFB(R)
11,32793,Multiglomerular mALT l2PN VM1+VP2+VP3+23 LTS 0.58 Flywalkies 32794 JMR,l2PN,,False,mPN,FAFB(R)
12,27,Uniglomerular mALT DM4 adPN DB ECM,adPN,DM4_adPN,True,uPN,FAFB(L)
13,2076,Uniglomerular mALT DC1 adPN PN015 DB,adPN,DC1_adPN,True,uPN,FAFB(L)
14,3813403,Uniglomerular mlALT DC4 vPN 3813404 RJVR,vPN,DC4_vPN,False,uPN,FAFB(R)
15,5672990,Uniglomerular lALT VP2 l2PN 5672991 ECM,l2PN,VP2_l2PN,False,uPN,FAFB(R)
16,10534942,10534942 mPN DC2 + mlALT left,vPN,,False,mPN,FAFB(L)
17,2340896,Uniglomerular mALT DL3 lPN 2340897 GSXEJ RJVR,lPN,DL3_lPN,True,uPN,FAFB(L)
18,32801,Multiglomerular mALT l2PN D+VP3+VA7m+24 LTS 0.63 32802 JMR,l2PN,,False,mPN,FAFB(R)
19,12202011,Uniglomerular mALT D adPN 12202012 GD Anna,adPN,D_adPN,True,uPN,FAFB(L)
20,192547,Uniglomerular lALT V ilPN bilateral 192548 EAM GSXEJ RJVR,ilPN,V_ilPN,True,uPN,FAFB(R)
21,12202015,neuron 12202016 mPN mALT left XZ dog,lPN,,False,mPN,FAFB(L)
22,57381,Uniglomerular mALT DA1 lPN 57382 ML,lPN,DA1_lPN,True,uPN,FAFB(R)
23,12202021,Uniglomerular mALT DL2v adPN 12202022,adPN,DL2v_adPN,True,uPN,FAFB(L)
24,13273121,neuron 13273122 mPN mlALT left,vPN,,False,mPN,FAFB(L)
25,57385,Uniglomerular mALT DM5 lPN 57386 HG,lPN,DM5_lPN,True,uPN,FAFB(R)
26,4927529,Multiglomerular mlALT vPN VM3+DM3+VC4+2 LTS 0.95 4927530 RJVR,vPN,,False,mPN,FAFB(R)
27,10534954,10534954 mPN mlALT left,vPN,,False,mPN,FAFB(L)
28,12202025,Uniglomerular mALT VM2 adPN horse 12202026 XZ,adPN,VM2_adPN,True,uPN,FAFB(L)
29,57389,Multiglomerular mALT lPN VL1+VM7v+VA5+6 LTS 0.86 57390 IJA,lPN,,False,mPN,FAFB(R)
30,24622,Uniglomerular mALT D adPN 24623 CF,adPN,D_adPN,True,uPN,FAFB(R)
31,4495405,VP2 + SEZ lvPN mALT left 4495406 XZ,lvPN,VP2_lvPN,False,uPN,FAFB(L)
32,3813424,Multiglomerular mlALT vPN VP1m+VP1l+VP5+2 LTS 0.97 3813425 RJVR,vPN,,False,mPN,FAFB(R)
33,12202030,neuron 12202031 mPN mALT left XZ  pig,lPN,,False,mPN,FAFB(L)
34,57394,Multiglomerular mALT lPN VA7l+DA4l+VL1+9 LTS 0.89 57395 IJA,lPN,,False,mPN,FAFB(R)
35,12202036,neuron 12202037 mPN mALT left XZ,lPN,,False,mPN,FAFB(L)
36,67637,Uniglomerular mALT DL2v adPN 67638 BH,adPN,DL2v_adPN,True,uPN,FAFB(R)
37,3813430,Multiglomerular mlALT vPN VM5v+VC1+VM7d+2 LTS 0.93 3813431 RJVR,vPN,,False,mPN,FAFB(R)
38,57402,Uniglomerular mALT DC2 adPN 57403 SM,adPN,DC2_adPN,True,uPN,FAFB(R)
39,3813434,Multiglomerular mlALT vPN VM7d+VM5d+VM2+5 LTS 0.94 3813435 RJVR,vPN,,False,mPN,FAFB(R)
40,5582907,VC5++ l2PN t10-lALT bilateral left 5582908 RJVR,l2PN,,False,mPN,FAFB(L)
41,13273149,neuron 13273150 mPN mlALT left,vPN,,False,mPN,FAFB(L)
42,3813438,Multiglomerular mlALT vPN VP1l+VP1d+VM1+2 LTS 0.95 3813439 ECM,vPN,,False,mPN,FAFB(R)
43,10266686,neuron 10266687 mPNDM3 + mlALT left,vPN,,False,mPN,FAFB(L)
44,12202046,neuron 12202047 mPN mALT left ABF Thunderstorm,lPN,,False,mPN,FAFB(L)
45,13273153,13273153 mPN mlALT left,vPN,,False,mPN,FAFB(L)
46,22594,Uniglomerular mALT DM5 lPN 22595 BH,lPN,DM5_lPN,True,uPN,FAFB(R)
47,2115,Uniglomerular mALT VA3 adPN 2116 MT,adPN,VA3_adPN,True,uPN,FAFB(L)
48,57410,Uniglomerular mALT VA7l adPN 57411 NS,adPN,VA7l_adPN,True,uPN,FAFB(R)
49,3813442,Multiglomerular mlALT vPN VP1d+VP1m+VP1l+3 LTS 0.93 3813443 RJVR,vPN,,False,mPN,FAFB(R)
50,57414,Uniglomerular mALT DC3 adPN 57415 LK,adPN,DC3_adPN,True,uPN,FAFB(R)
51,30791,Uniglomerular mALT DL2d adPN 30792 BH,adPN,DL2d_adPN,True,uPN,FAFB(R)
52,3813447,Multiglomerular mlALT vPN VP1d+VP1m+VP1l+4 LTS 0.94 3813448 RJVR,vPN,,False,mPN,FAFB(R)
53,4671556,Biglomerular t10-lALT VP3 + VP5 l2PN 4671557 ZM ECM,l2PN,,False,mPN,FAFB(R)
54,57418,Uniglomerular mALT DA2 lPN 57419 LK,lPN,DA2_lPN,True,uPN,FAFB(R)
55,3813451,Multiglomerular mlALT vPN VM7v+VA7m+VM5v+4 LTS 0.89 3813452 RJVR,vPN,,False,mPN,FAFB(R)
56,8566851,Multiglomerular lALT lv2PN VA1d+VA1v+VP3+5 LTS 0.93 Esme Weatherwax 8566852 PS,lv2PN,,False,mPN,FAFB(R)
57,3420237,Uniglomerular mALT VC5 adPN 3420238 RJVR,adPN,VC5_adPN,True,uPN,FAFB(L)
58,57422,Uniglomerular mALT DA2 lPN A 57423 NS,lPN,DA2_lPN,True,uPN,FAFB(R)
59,3813455,Uniglomerular mlALT VL2a vPN 3813456 RJVR,vPN,VL2a_vPN,False,uPN,FAFB(R)
60,12070989,Multiglomerular lALT imPN VM5v+DL2d+VA7l+24 LTS 0.57 lALT Eponine 1340264 SD,imPN,,False,mPN,FAFB(R)
61,12202060,neuron 12202061 mPN mALT left ABF_wave,lPN,,False,mPN,FAFB(L)
62,57426,Multiglomerular mALT lPN VP1d+DM4+VC1+5 LTS 0.94 57427 NS,lPN,,False,mPN,FAFB(R)
63,12202064,neuron 12202065 mPN mALT left glomerulus DL2v + ABF flow,adPN,,False,mPN,FAFB(L)
64,13273170,13273170 PN glomerulus DC2 + mlALT left,vPN,,False,mPN,FAFB(L)
65,57430,Multiglomerular mALT lPN VP2+VL1+VP3+2 LTS 0.94 bilateral 57431 IJA ECM,lPN,,False,mPN,FAFB(R)
66,13273174,DC4 uPN ? mlALT left 13273174,vPN,DC4_vPN,False,uPN,FAFB(L)
67,57434,Multiglomerular mALT lPN VP2+VP5+VP3+4 LTS 0.92 bilateral 57435 LK,lPN,,False,mPN,FAFB(R)
68,1775706,Uniglomerular mALT DL1 adPN 22153 JMR,adPN,DL1_adPN,True,uPN,FAFB(R)
69,1724508,Multiglomerular mlALT vPN DA2+DA4m+DC1+4 LTS 0.94 1724509 RJVR,vPN,,False,mPN,FAFB(R)
70,13273178,Neuron 13273178 mPN mlALT left,vPN,,False,mPN,FAFB(L)
71,4724830,Uniglomerular mALT VC5 lvPN 4724831 RJVR XZ,lvPN,VC5_lvPN,False,uPN,FAFB(L)
72,57442,Multiglomerular mALT lPN VP1l+DC4+DL5+8 LTS 0.86 57443 IJA,lPN,,False,mPN,FAFB(R)
73,57446,Multiglomerular mALT lPN VP1d+VC1+VM7v+10 LTS 0.85 57447 NS NM ,lPN,,False,mPN,FAFB(R)
74,12202087,neuron 12202088 mPN mALT left SEZ XZ,adPN,,False,mPN,FAFB(L)
75,4503656,Olfactory mPN mALT left 4503657,lPN,,False,mPN,FAFB(L)
76,57450,Multiglomerular mALT lPN VL1+VA7l+DA2+7 LTS 0.91 57451 LK,lPN,,False,mPN,FAFB(R)
77,1724523,Uniglomerular mlALT VL2a vPN 1724524 RJVR,vPN,VL2a_vPN,False,uPN,FAFB(R)
78,3813483,Multiglomerular mlALT vPN DA2+VM7v+VC1+3 LTS 0.94 3813484 ASB,vPN,,False,mPN,FAFB(R)
79,4505706,neuron 4505707 mPN mALT left XZ,lvPN,,False,mPN,FAFB(L)
80,57455,Multiglomerular mALT lPN VA7l+VA7m+DC2+5 LTS 0.92 57456 LK,lPN,,False,mPN,FAFB(R)
81,3813487,Multiglomerular mlALT vPN VM7v+DA2+VM7d+6 LTS 0.89 3813488 ECM,vPN,,False,mPN,FAFB(R)
82,57459,Uniglomerular mALT DL3 lPN 57460 LK,lPN,DL3_lPN,True,uPN,FAFB(R)
83,7710838,T2 nc mPN mALT left 7710839 Four-Seven-One-One ARJ,lvPN,,False,mPN,FAFB(L)
84,57463,Multiglomerular mALT lPN VL1+VP2+VP1l+2 LTS 0.94 57464 ML,lPN,,False,mPN,FAFB(R)
85,3813495,Multiglomerular mlALT vPN VM7v+DA2+DC4+1 LTS 0.96 3813496 ECM,vPN,,False,mPN,FAFB(R)
86,2334841,Uniglomerular mlALT DA1 vPN mlALTed Milk 2334842 RJVR,vPN,DA1_vPN,False,uPN,FAFB(L)
87,57467,Multiglomerular mALT lPN DC4+V+DL5+7 LTS 0.84 57468 LK,lPN,,False,mPN,FAFB(R)
88,3813499,Multiglomerular mlALT vPN DA4m+DA2+VM7v+5 LTS 0.9 4632116 ASB,vPN,,False,mPN,FAFB(R)
89,2345089,Uniglomerular mALT DA1 lPN PN021 2345090 DB RJVR,lPN,DA1_lPN,True,uPN,FAFB(L)
90,2050178,Multiglomerular mlALT vPN VM7d+VC3l+DM6+5 LTS 0.9 2050179 ASB,vPN,,False,mPN,FAFB(R)
91,57475,Multiglomerular mALT smPN VP3+VP5+VP2 LTS 0.97 bilateral 57476 IJA,smPN,,False,mPN,FAFB(R)
92,9719939,Uniglomerular mALT VM7d adPN 9719940 RJVR XZ,adPN,VM7d_adPN,True,uPN,FAFB(L)
93,57479,OA-VUMa2 57480 GA FML,VUMa2,,False,mPN,FAFB(L)
94,80008,Multiglomerular mALT adPN VC3l+VC3m+VA3+9 LTS 0.83 polyL 80009 ML,adPN,,False,mPN,FAFB(R)
95,57487,Biglomerular mALT VP1l + VP3 ilPN bilateral 57488 ML ECM,ilPN,,False,mPN,FAFB(L)
96,24726,Uniglomerular mALT VM1 lPN 24727 BH,lPN,VM1_lPN,True,uPN,FAFB(R)
97,57495,Biglomerular mALT VP1l + VP3 ilPN bilateral 57496 LK ECM,ilPN,,False,mPN,FAFB(R)
98,2615448,Uniglomerular mALT VM5d adPN 2615449 FML XZ,adPN,VM5d_adPN,True,uPN,FAFB(L)
99,11546775,Multiglomerular t6-mALT smPN VP1m+DC2+VP2+17 LTS 0.8 bilateral Punishment King 1402861 MEB RJVR,smPN,,False,mPN,FAFB(R)
100,57499,Uniglomerular mALT VL1 ilPN bilateral 57500 ML,ilPN,VL1_ilPN,True,uPN,FAFB(R)
101,57503,Biglomerular mALT VP1m + VP5 ilPN bilateral 57504 LK ECM,ilPN,,False,mPN,FAFB(R)
102,10541221,PN glomerulus DP1l + mlALT left 10541221,vPN,DP1l_vPN,False,uPN,FAFB(L)
103,8360102,neuron 8360103 mPN mALT left XZ,l2PN,,False,mPN,FAFB(L)
104,30891,Uniglomerular mALT DM1 lPN 30892 BH,lPN,DM1_lPN,True,uPN,FAFB(R)
105,57516,Uniglomerular mALT VP2 adPN 57517 LK ECM,adPN,VP2_adPN,False,uPN,FAFB(R)
106,45242,Uniglomerular mALT VC2 lPN 45243 AA,lPN,VC2_lPN,True,uPN,FAFB(R)
107,4163773,Uniglomerular mALT DM2 lPN 4163774 RJVR SB,lPN,DM2_lPN,True,uPN,FAFB(L)
108,856254,OA-VUMa2 856255 NM,VUMa2,,False,mPN,FAFB(L)
109,9717951,Multiglomerular t6-mALT smPN left Punishment King 9717952 RJVR,smPN,,False,mPN,FAFB(L)
110,57536,Multiglomerular mALT l2PN VL2p+DP1l+VL2a+7 LTS 0.94 57537 LK NM ,l2PN,,False,mPN,FAFB(R)
111,10078400,Multiglomerular mALT l2PN VP5+VP3+VP1l+3 LTS 0.93 10078401 FML ASB ECM,l2PN,,False,mPN,FAFB(R)
112,73926,Multiglomerular mALT adPN DP1l+DL2v+VL2a+1 LTS 0.95 73927 LK NS ,adPN,,False,mPN,FAFB(R)
113,57543,Multiglomerular mALT adPN V+DL1+VC3l+11 LTS 0.78 57544 ML NS ,adPN,,False,mPN,FAFB(R)
114,28876,Uniglomerular mALT DM3 adPN 28877 JMR,adPN,DM3_adPN,True,uPN,FAFB(R)
115,186573,Uniglomerular mALT VA7m lPN 21764 AA,lPN,VA7m_lPN,True,uPN,FAFB(R)
116,9599181,Uniglomerular mALT VM7d adPN 9599182 LB XZ,adPN,VM7d_adPN,True,uPN,FAFB(L)
117,9740494,neuron 9740495 mPN mALT left ,l2PN,,False,mPN,FAFB(L)
118,73937,Uniglomerular mALT VL1 ilPN bilateral 73938 LK,ilPN,VL1_ilPN,True,uPN,FAFB(L)
119,8777795,Multiglomerular t5-lALT spPN DM4+VC1+VP2+9 LTS 0.84 Tarnhelm 8777796 SAC FS ,spPN,,False,mPN,FAFB(R)
120,22744,Uniglomerular mALT VC3m lvPN 22745 JMR,lvPN,VC3m_lvPN,True,uPN,FAFB(R)
121,7430367,T1b nc mPN mALT left 7430368 Vetiver ARJ,lvPN,,False,mPN,FAFB(L)
122,10533089,Uniglomerular mALT VM7d adPN 10533090 XZ,adPN,VM7d_adPN,True,uPN,FAFB(L)
123,65762,Uniglomerular mALT DC2 adPN 65763 AJ,adPN,DC2_adPN,True,uPN,FAFB(R)
124,39139,Uniglomerular mALT VM5d adPN 39140 CF,adPN,VM5d_adPN,True,uPN,FAFB(R)
125,11964657,Uniglomerular mALT VM7v adPN 11964658,adPN,VM7v_adPN,True,uPN,FAFB(L)
126,9588978,VP1m+ PN t2ALT left 9588979 RJVR ,lvPN,,False,mPN,FAFB(L)
127,4876532,Biglomerular t10-lALT VP5 + VP2 l2PN 4876533 RJVR,l2PN,unclear_l2PN,False,uPN,FAFB(R)
128,1149173,Uniglomerular t5-mlALT VP4 vPN 282136 RJVR ECM,vPN,VP4_vPN,False,uPN,FAFB(R)
129,2449653,Uniglomerular mALT DL2d adPN 2449654 XZ,adPN,DL2d_adPN,True,uPN,FAFB(L)
130,4507894,Uniglomerular mlALT VL2p vPN 4507895,vPN,VL2p_vPN,False,uPN,FAFB(L)
131,6701307,Multiglomerular mlALT vPN VC4+VM3+VM5d+1 LTS 0.95 6701308 ASB RJVR,vPN,,False,mPN,FAFB(R)
132,2611452,2611452 mPN mlALT left,vPN,,False,mPN,FAFB(L)
133,2611459, left Super mlALT 2611460 RJVR,vPN,,False,mPN,FAFB(L)
134,4520197,T2 nc mPN mALT left DA1 + 4520198 Patchouli ARJ,lvPN,,False,mPN,FAFB(L)
135,6701319,Multiglomerular mlALT vPN VC4+VM3+VA2 LTS 0.97 6701320 ECM RJVR,vPN,,False,mPN,FAFB(R)
136,7647498,Neuron 7647499 mPN mALT left  SEZ,lvPN,,False,mPN,FAFB(L)
137,10932492,Putative Left PN mlALT 10932493 Nzi IFMT ,vPN,,False,mPN,FAFB(L)
138,15808787,Neuron 15808787 mPN mALT left XZ,lvPN,,False,mPN,FAFB(L)
139,1136923,Multiglomerular mALT lvPN DM1+DM4+DP1m LTS 0.97 57032 IJA AW,lvPN,,False,mPN,FAFB(R)
140,8282397,Uniglomerular mALT VM4 lvPN 8282398 XZ,lvPN,VM4_lvPN,True,uPN,FAFB(L)
141,2484510,Uniglomerular mlALT VP4 vPN bilateral 2484511 ECM JH,vPN,VP4_vPN,False,uPN,FAFB(R)
142,12798240,Uniglomerular mALT VA1v adPN 12798241 ZX,adPN,VA1v_adPN,True,uPN,FAFB(L)
143,11890977,11890977 mPN mlALT left,vPN,,False,mPN,FAFB(L)
144,2338,Uniglomerular mALT VA2 adPN DB XZ,adPN,VA2_adPN,True,uPN,FAFB(L)
145,11890982,11890982 mPN mlALT left,vPN,,False,mPN,FAFB(L)
146,10932520,Uniglomerular mlALT VL1 vPN Famalam 10932521 IFMT XZ,vPN,VL1_vPN,False,uPN,FAFB(L)
147,12730682,neuron 12730683 mPN mALT left XZ,lvPN,,False,mPN,FAFB(L)
148,11891003,11891003 mPN mlALT left,vPN,,False,mPN,FAFB(L)
149,1759551,Multiglomerular mlALT vPN DM3+DC4+VM7v+6 LTS 0.89 1759552 LHN RJVR,vPN,,False,mPN,FAFB(R)
150,12765503,12765503 mPN mlALT left,vPN,,False,mPN,FAFB(L)
151,11891012,11891012 mPN VC4 + mlALT left,vPN,,False,mPN,FAFB(L)
152,4491591,Multiglomerular mlALT vPN VA6+VA1d+DC2+3 LTS 0.94 4491592 RJVR GSXEJ,vPN,,False,mPN,FAFB(R)
153,3139915,Multiglomerular mlALT vPN VA1d+VA1v+DA4l+2 LTS 0.96 3139916 RJVR,vPN,,False,mPN,FAFB(R)
154,61773,Uniglomerular mALT DL2v adPN 61774 JMR,adPN,DL2v_adPN,True,uPN,FAFB(R)
155,11891021,neuron 11891022 mPN mlALT left,vPN,,False,mPN,FAFB(L)
156,2693456,Uniglomerular mALT DC4 adPN 2693457 XZ,adPN,DC4_adPN,True,uPN,FAFB(L)
157,11891025,neuron 11891026 mPN mlALT left,vPN,,False,mPN,FAFB(L)
158,39254,Uniglomerular mALT VC5 adPN 39255 JMR,adPN,VC5_adPN,True,uPN,FAFB(R)
159,37212,Multiglomerular mALT lPN VP1d+VA3+VP1m+10 LTS 0.87 37213 JMR,lPN,,False,mPN,FAFB(R)
160,41308,Uniglomerular mALT VM3 adPN 41309 BH,adPN,VM3_adPN,True,uPN,FAFB(R)
161,2468193,Uniglomerular mALT DM5 lPN  2468194 RJVR,lPN,DM5_lPN,True,uPN,FAFB(L)
162,12718438,Uniglomerular mALT DC3 adPN 12718439 XZ,adPN,DC3_adPN,True,uPN,FAFB(L)
163,37235,Multiglomerular mALT lPN VP1d+VP2+DC2+13 LTS 0.72 37236 JMR,lPN,,False,mPN,FAFB(R)
164,4002166,Multiglomerular t9-lALT lv2PN VP2+VC2+VP1m+4 LTS 0.94 4002167 PDP,lv2PN,,False,mPN,FAFB(R)
165,22906,Uniglomerular mALT VA5 lPN 22907 JMR,lPN,VA5_lPN,True,uPN,FAFB(R)
166,4477,Uniglomerular mALT DM5 lPN DB ECM,lPN,DM5_lPN,True,uPN,FAFB(L)
167,7696766,neuron 7696767 bi mPN mALT left XZ,lvPN,,False,mPN,FAFB(L)
168,53631,Uniglomerular mALT DA2 lPN 53632 AA,lPN,DA2_lPN,True,uPN,FAFB(R)
169,2449792,Uniglomerular mALT DA3 adPN 2449793 RJVR XZ,adPN,DA3_adPN,True,uPN,FAFB(L)
170,7690623,neuron 7690624 mPN mALT left ,lvPN,,False,mPN,FAFB(L)
171,37250,Uniglomerular mALT DA4m adPN 37251 JMR,adPN,DA4m_adPN,True,uPN,FAFB(R)
172,12763520,VM2 uPM ? mlALT left 12763520,vPN,VM2_vPN,False,uPN,FAFB(L)
173,1532304,Uniglomerular mlALT DP1m vPN 1532305 ASB,vPN,DP1m_vPN,False,uPN,FAFB(R)
174,4905365,Multiglomerular t4-mALT spPN DP1l+DM4+VA4+17 LTS 0.75 4905366 RJVR ZM,spPN,,False,mPN,FAFB(R)
175,4954519,Multiglomerular mlALT vPN VP1m+VC1+DC2+5 LTS 0.9 4954520 SD ECM,vPN,,False,mPN,FAFB(R)
176,182684,Multiglomerular mALT lPN VP1d+DC4+VC1+5 LTS 0.93 182685 AES,lPN,,False,mPN,FAFB(R)
177,4954525,Multiglomerular lALT imPN VM5v+VM1+VA7l+24 LTS 0.56 4954526 SD ZM,imPN,,False,mPN,FAFB(L)
178,8825246,Multiglomerular t3-mALT l2PN VC5+VM1+VP2+4 LTS 0.92 8825247 RJVR ARH,l2PN,,False,mPN,FAFB(R)
179,1339810,Multiglomerular lALT l2PN V+DL2v+VM7d+13 LTS 0.89 1339811 ARH,l2PN,,False,mPN,FAFB(R)
180,9900451,Uniglomerular mALT VA5 lPN 9900452 ECM LB,lPN,VA5_lPN,True,uPN,FAFB(L)
181,53671,Uniglomerular mALT VM5v adPN 53672 AA,adPN,VM5v_adPN,True,uPN,FAFB(R)
182,27048,Uniglomerular mALT DP1l adPN 27049 BH,adPN,DP1l_adPN,True,uPN,FAFB(R)
183,35246,Uniglomerular mALT D adPN 35247 AA,adPN,D_adPN,True,uPN,FAFB(R)
184,6699444,Multiglomerular mlALT vPN DA2+VM7v+DC2+2 LTS 0.94 6699445 MMC,vPN,,False,mPN,FAFB(R)
185,3842493,Multiglomerular mlALT vPN DL1+D+VC1+5 LTS 0.9 Midas 3842494 SD,vPN,,False,mPN,FAFB(R)
186,13492671,VP1l+ lvPN mALT left 13492672 XZ,lvPN,VP1l_lvPN,False,uPN,FAFB(L)
187,22976,Uniglomerular mALT VL2p adPN 22977 JMR,adPN,VL2p_adPN,True,uPN,FAFB(R)
188,2353601,Uniglomerular mALT VA5 lPN 2353602 RJVR,lPN,VA5_lPN,True,uPN,FAFB(L)
189,9159128,VP2 adPN mALT left 9159129 ECM LB,adPN,VP2_adPN,False,uPN,FAFB(L)
190,23005,Multiglomerular lALT l2PN VP1d+VP1l+VP1m+8 LTS 0.9 bilateral 23006 AA ECM,l2PN,,False,mPN,FAFB(R)
191,3209697,Multiglomerular smPN 3209698 XZ VP5 bilateral,smPN,,False,mPN,FAFB(L)
192,12820972,Uniglomerular mALT VM5d adPN 12820973 XZ hau5,adPN,VM5d_adPN,True,uPN,FAFB(L)
193,3998193,Multiglomerular mlALT vPN VA1d+DA4l+DC3+4 LTS 0.96 3998194 RJVR,vPN,,False,mPN,FAFB(R)
194,7795191,neuron 7795192 mPN mALT left VPlm + XZ ,lvPN,,False,mPN,FAFB(L)
195,10205688,Uniglomerular mALT VC2 lPN 10205689 BM XZ,lPN,VC2_lPN,True,uPN,FAFB(L)
196,14375426,Uniglomerular mALT DL2d adPN 14375427,adPN,DL2d_adPN,True,uPN,FAFB(L)
197,1722886,Multiglomerular mlALT vPN VM7v+VM5d+DC4+6 LTS 0.87 1532306 ASB,vPN,,False,mPN,FAFB(R)
198,9511430,VP5 + SEZ adPN mALT left 9511431 LB,adPN,VP5_adPN,False,uPN,FAFB(L)
199,7795216,neuron 7795217 mPN mALT left XZ,lvPN,,False,mPN,FAFB(L)
200,43539,Uniglomerular mALT VM7v adPN 43540 CF,adPN,VM7v_adPN,True,uPN,FAFB(R)
201,4467245,Uniglomerular mALT VA1v adPN 4467246 RJVR,adPN,VA1v_adPN,True,uPN,FAFB(L)
202,6761006,neuron 6761007 mPN mALT left XZ,lvPN,,False,mPN,FAFB(L)
203,11067958,Uniglomerular mALT D adPN 11067959 XZ,adPN,D_adPN,True,uPN,FAFB(L)
204,4631122,VP4 + VP2 + VL1 l2PN t3-mALT bilateral left 4631123 ECM,l2PN,,False,mPN,FAFB(L)
205,10537555,Uniglomerular mALT DM6 adPN (Cell No. 1) 10537556 CF,adPN,DM6_adPN,True,uPN,FAFB(L)
206,23134,Uniglomerular mALT VC3l adPN 23135 BH,adPN,VC3l_adPN,True,uPN,FAFB(R)
207,10177121,neuron 10177122 mPN mlALT left,vPN,,False,mPN,FAFB(L)
208,41578,Uniglomerular mALT VC3l adPN 41579 AJ,adPN,VC3l_adPN,True,uPN,FAFB(R)
209,27246,Uniglomerular mALT VM3 adPN 27247 JMR,adPN,VM3_adPN,True,uPN,FAFB(R)
210,4164206,Uniglomerular mALT DM2 lPN 4164207 XZ,lPN,DM2_lPN,True,uPN,FAFB(L)
211,9101937,VP1m + VP2 lvPN mALT left 9101938 XZ,lvPN,,False,mPN,FAFB(L)
212,4135542,putative AL.L-LAL.L -> LH.R-SMP.R 4135543 RJVR Tarnhelm,spPN,,False,mPN,FAFB(L)
213,35447,Uniglomerular mALT VM5d adPN 35448 AA,adPN,VM5d_adPN,True,uPN,FAFB(R)
214,10699385,neuron 10699386 mPN mALT left SEZ XZ,adPN,,False,mPN,FAFB(L)
215,9290368,Uniglomerular mALT VA5 lPN 9290369 ND,lPN,VA5_lPN,True,uPN,FAFB(L)
216,37513,Biglomerular mALT VP3 + VP1l ivPN bilateral 37489 AJ,ivPN,,False,mPN,FAFB(L)
217,3519113,Uniglomerular mALT VC1 lPN 3519114,lPN,VC1_lPN,True,uPN,FAFB(L)
218,11969168,PN Left mlALT neuron 11969169 SB,vPN,,False,mPN,FAFB(L)
219,12692121,neuron 12692122 mPN mALT left XZ,l2PN,,False,mPN,FAFB(L)
220,12790425,Uniglomerular mALT DM6 adPN 12790426 XZ,adPN,DM6_adPN,True,uPN,FAFB(L)
221,27295,Uniglomerular mALT DA1 lPN 27296 BH,lPN,DA1_lPN,True,uPN,FAFB(R)
222,2654882,2654882 mPN mlALT left XZ,vPN,,False,mPN,FAFB(L)
223,10537635,Uniglomerular mALT DM6 adPN (Cell No. 2) 10537636 SAC,adPN,DM6_adPN,True,uPN,FAFB(L)
224,4520615,nc mPN mALT left Candidate 4520616 Sandalwood ARJ,lvPN,,False,mPN,FAFB(L)
225,3646122,Uniglomerular mALT VA1d adPN 3646123,adPN,VA1d_adPN,True,uPN,FAFB(L)
226,7365293,Multiglomerular trans-lALT l2PN 7365294 PS,l2PN,,False,mPN,FAFB(L)
227,51886,Uniglomerular mALT VM2 adPN 51887 AA,adPN,VM2_adPN,True,uPN,FAFB(R)
228,11414191,neuron 11414192 mPN mALT left XZ,lvPN,,False,mPN,FAFB(L)
229,1903280,Uniglomerular mlALT VL2a vPN 1903281 GSXEJ,vPN,VL2a_vPN,False,uPN,FAFB(R)
230,2425533,2425533 mPN mlALT left,vPN,,False,mPN,FAFB(L)
231,5169854,Multiglomerular mALT lvPN VL1+DL4+VM4+3 LTS 0.93 5169855,lvPN,,False,mPN,FAFB(R)
232,49865,Uniglomerular mALT VM5d adPN 49866 JMR,adPN,VM5d_adPN,True,uPN,FAFB(R)
233,5122761,VC5++ l2PN t3-mALT left 5122762 ECM,l2PN,,False,mPN,FAFB(L)
234,717,Uniglomerular mALT VA4 lPN DB,lPN,VA4_lPN,True,uPN,FAFB(L)
235,5305037,Uniglomerular mALT DL1 adPN 5305038 ARJ,adPN,DL1_adPN,True,uPN,FAFB(L)
236,11958992,PN Left mlALT neuron 11958993 BM,vPN,,False,mPN,FAFB(L)
237,3467989,Multiglomerular mlALT vPN DC2+VC4+VC2+2 LTS 0.96 3467990 RJVR,vPN,,False,mPN,FAFB(R)
238,734,Uniglomerular mALT DM1 lPN XZ,lPN,DM1_lPN,True,uPN,FAFB(L)
239,1702624,Uniglomerular mlALT VL2p vPN 1702625 ASB RJVR,vPN,VL2p_vPN,False,uPN,FAFB(R)
240,3959520,Multiglomerular mlALT vPN D+VC1+VA3+5 LTS 0.91 3959521 ASB SD,vPN,,False,mPN,FAFB(R)
241,2560742,Left PN mlALT 2560743 RJVR,vPN,,False,mPN,FAFB(L)
242,12202055,neuron 12202056 mPN mALT left ABF_Thunderbolt,lPN,,False,mPN,FAFB(L)
243,2374382,Uniglomerular mALT DA4m adPN 4185936 RGT,adPN,DA4m_adPN,True,uPN,FAFB(L)
244,203504,Uniglomerular dALT VP1d il2PN 71750 ARH NM ,il2PN,VP1d_il2PN,False,uPN,FAFB(L)
245,4240113,neuron 4240114 bi mPN lALT left,l2PN,,False,mPN,FAFB(L)
246,39668,Uniglomerular mALT DL5 adPN 39669 JMR,adPN,DL5_adPN,True,uPN,FAFB(R)
247,4041464,Uniglomerular t1-mALT V l2PN Cruikshank 4041465 RJVR MEB GSXEJ,l2PN,V_l2PN,False,uPN,FAFB(R)
248,10138363,Uniglomerular mALT VA1d adPN 10138364 RT,adPN,VA1d_adPN,True,uPN,FAFB(L)
249,39682,Uniglomerular mALT DM4 adPN 39683 JMR,adPN,DM4_adPN,True,uPN,FAFB(R)
250,2474754,Uniglomerular mALT DC3 adPN PN020 2474755 DB RJVR,adPN,DC3_adPN,True,uPN,FAFB(L)
251,12772106,Neuron 12772106 mPN mlALT left,vPN,,False,mPN,FAFB(L)
252,12681995,VP1m + VP2 lvPN mALT left 12681996 XZ,lvPN,,False,mPN,FAFB(L)
253,2380564,Uniglomerular mALT DA1 lPN 2380565 RJVR,lPN,DA1_lPN,True,uPN,FAFB(L)
254,8573718,neuron 8573719 mPN mlALT left,vPN,,False,mPN,FAFB(L)
255,3742499,Uniglomerular mALT VP1l lvPN bilateral 3742500,lvPN,VP1l_lvPN,False,uPN,FAFB(R)
256,199461,Multiglomerular mALT l2PN DA2+VM7v+VP1m+14 LTS 0.76 Tikka Masala 199462 AEB NS ,l2PN,,False,mPN,FAFB(R)
257,14613285,neuron 14613286 mPN mALT left DL2v + XZ,adPN,,False,mPN,FAFB(L)
258,9468722,neuron 9468723 mPN mALT left VP1m + XZ,lvPN,,False,mPN,FAFB(L)
259,1725235,Multiglomerular mlALT vPN VA7l+VA3+DL2v+9 LTS 0.85 1725236 RJVR,vPN,,False,mPN,FAFB(R)
260,54072,Uniglomerular mALT VM2 adPN 54073 JMR,adPN,VM2_adPN,True,uPN,FAFB(R)
261,45882,Biglomerular mALT VP3 + VP1l ivPN bilateral 45883 AA ECM,ivPN,,False,mPN,FAFB(R)
262,1372988,Multiglomerular mALT lvPN VP5+VP2+VP3+2 LTS 0.94 1372989 ARH,lvPN,,False,mPN,FAFB(R)
263,6622015,Multiglomerular mlALT vPN VM7d+DC2+DM4+2 LTS 0.94 6622016 ASB,vPN,,False,mPN,FAFB(R)
264,3922783,Multiglomerular mlALT vPN VL2p+VL2a+VA7l+5 LTS 0.92 Be Repulsed 3922784 RJVR,vPN,,False,mPN,FAFB(R)
265,2468708,Uniglomerular mALT DA2 lPN 2468709 RJVR,lPN,DA2_lPN,True,uPN,FAFB(L)
266,2992998,Multiglomerular mlALT vPN VC2+VA6+DC3+3 LTS 0.92 2992999 RJVR,vPN,,False,mPN,FAFB(R)
267,7709544,neuron 7709545 mPN glomerulus VA7m + mALT  left ,lvPN,,False,mPN,FAFB(L)
268,10541930,Uniglomerular mALT DL2d adPN (Cell No. 6) 10541931 CF XZ,adPN,DL2d_adPN,True,uPN,FAFB(L)
269,10414964,Neuron 10414965 mPN lALT left not to LH,lv2PN,,False,mPN,FAFB(L)
270,9806717,Uniglomerular mALT VM2 adPN 9806718 ECM,adPN,VM2_adPN,True,uPN,FAFB(L)
271,23432,Uniglomerular mALT VA2 adPN 23433 AA,adPN,VA2_adPN,True,uPN,FAFB(R)
272,2845576,Multiglomerular mlALT vPN D+VC1+VC2+2 LTS 0.94 2845577 RJVR,vPN,,False,mPN,FAFB(R)
273,52106,Uniglomerular mALT VA1v adPN 52107 AA,adPN,VA1v_adPN,True,uPN,FAFB(R)
274,9716626,VP1d + VP4 l2PN lALT bilateral 9716627 RJVR left,l2PN,,False,mPN,FAFB(L)
275,11080602,neuron 11080603 mPN mALT left SEZ XZ,adPN,,False,mPN,FAFB(L)
276,3715995,Uniglomerular mALT VL2p adPN 3715996 ECM LB,adPN,VL2p_adPN,True,uPN,FAFB(L)
277,3908507,Multiglomerular lALT l2PN VP4+VP1l+VL2p LTS 0.97 3908508 RJVR ECM,l2PN,,False,mPN,FAFB(R)
278,11080606,neuron 11080607 mPN mALT left SEZ XZ,adPN,,False,mPN,FAFB(L)
279,2839458,Uniglomerular mALT VA1d adPN 2839459 RJVR,adPN,VA1d_adPN,True,uPN,FAFB(L)
280,1909670,Multiglomerular mlALT vPN VA1d+DC3+VA6+6 LTS 0.93 Laphroaig like 1909671 RJVR,vPN,,False,mPN,FAFB(R)
281,9589676,Uniglomerular mALT VC4 adPN 9589677 XZ,adPN,VC4_adPN,True,uPN,FAFB(L)
282,11908013,Neuron 11908014 mPN mlALT left,vPN,,False,mPN,FAFB(L)
283,5043,Uniglomerular mALT DP1m adPN DB ECM,adPN,DP1m_adPN,True,uPN,FAFB(L)
284,949,Uniglomerular mALT VM3 adPN 950 DB XZ,adPN,VM3_adPN,True,uPN,FAFB(L)
285,3003322,Multiglomerular mlALT vPN VM4+DL5+DM6+36 LTS 0.29 Twin of Nibelung 3003323 RJVR,vPN,,False,mPN,FAFB(R)
286,15821761,Google: 1360095005 mPN mALT left XZ,lvPN,,False,mPN,FAFB(L)
287,6702019,Multiglomerular mlALT vPN VA3+VA4+DL2v+5 LTS 0.89 6702020 ASB RJVR,vPN,,False,mPN,FAFB(R)
288,2470860,Uniglomerular mALT DP1l adPN 2470861 RJVR ECM,adPN,DP1l_adPN,True,uPN,FAFB(L)
289,2405329,Uniglomerular mALT DA2 lPN 2405330 RJVR,lPN,DA2_lPN,True,uPN,FAFB(L)
290,23512,Uniglomerular mALT VM5v adPN 23513 CF,adPN,VM5v_adPN,True,uPN,FAFB(R)
291,27611,Uniglomerular mALT DM5 lPN 27612 JMR,lPN,DM5_lPN,True,uPN,FAFB(R)
292,62434,Uniglomerular mALT VM5d adPN 62435 AJ,adPN,VM5d_adPN,True,uPN,FAFB(R)
293,4662243,Multiglomerular mlALT vPN VM7v+VC4+DC2+1 LTS 0.95 4662244 ASB ZM,vPN,,False,mPN,FAFB(R)
294,1811442,Uniglomerular mlALT DA1 vPN mlALTed Milk 1811443 RJVR,vPN,DA1_vPN,False,uPN,FAFB(R)
295,2604019,Uniglomerular mALT DL2v adPN 2604020 FML ECM,adPN,DL2v_adPN,True,uPN,FAFB(L)
296,6695923,Uniglomerular mlALT DP1m vPN Ketchup 6695924 RJVR,vPN,DP1m_vPN,False,uPN,FAFB(R)
297,7433204,nc mPN mALT left candidate 7433205 ARJ,lvPN,,False,mPN,FAFB(L)
298,2348022,Uniglomerular mALT VA7m lPN 2348023 XZ,lPN,VA7m_lPN,True,uPN,FAFB(L)
299,7463926,VP1l+ lvPN mALT left 7463927 XZ,lvPN,VP1l_lvPN,False,uPN,FAFB(L)
300,3078,VP1m lALT l2PN left 3079 DB ECM,l2PN,VP1m_l2PN,False,uPN,FAFB(L)
301,3933200,Uniglomerular mALT DL2d adPN 3933201 XZ,adPN,DL2d_adPN,True,uPN,FAFB(L)
302,23569,Uniglomerular mALT VA4 lPN 23570 AA,lPN,VA4_lPN,True,uPN,FAFB(R)
303,46105,Biglomerular mALT VP1m + VP5 ilPN bilateral 46106 AA ECM,ilPN,,False,mPN,FAFB(L)
304,3771419,Multiglomerular mlALT vPN VM2+VC3l+VM5v+4 LTS 0.9 3771420 ASB,vPN,,False,mPN,FAFB(R)
305,4586532, Neuron 4586533 mPN mALT left XZ,lvPN,,False,mPN,FAFB(L)
306,11109412,Uniglomerular mlALT VL2a vPN 11109413,vPN,VL2a_vPN,False,uPN,FAFB(L)
307,23597,Uniglomerular mALT VM4 adPN 23598 BH,adPN,VM4_adPN,True,uPN,FAFB(R)
308,37935,Uniglomerular mALT VC4 adPN 37936 CF,adPN,VC4_adPN,True,uPN,FAFB(R)
309,7017522,Multiglomerular t10-lALT l2PN VP3+VP5+VP2 LTS 0.97 7017523 ECM,l2PN,,False,mPN,FAFB(R)
310,11908156,Neuron 11908157 mPN mlALT left,vPN,,False,mPN,FAFB(L)
311,3133,Uniglomerular mALT VA6 adPN PN019 DB,adPN,VA6_adPN,True,uPN,FAFB(L)
312,10325077,neuron 10325078 mPN mALT left XZ,lvPN,,False,mPN,FAFB(L)
313,7423063,nc mPN mALT left SEZ candidate 7423064 Opium ARJ,adPN,,False,mPN,FAFB(L)
314,68697,Uniglomerular mALT DM6 adPN 68698 BH,adPN,DM6_adPN,True,uPN,FAFB(R)
315,2319457,Uniglomerular mALT DA1 lPN PN036 2319458 DB RJVR,lPN,DA1_lPN,True,uPN,FAFB(L)
316,10538081,Uniglomerular mALT VM7v adPN (Cell No. 3) 10538082 CF,adPN,VM7v_adPN,True,uPN,FAFB(L)
317,56424,Uniglomerular mALT DM2 lPN 56425 BH,lPN,DM2_lPN,True,uPN,FAFB(R)
318,11914349,11914349 mPN mlALT left,vPN,,False,mPN,FAFB(L)
319,7414894,T2 nc mPN mALT left 7414895 Kouros ARJ,lvPN,,False,mPN,FAFB(L)
320,33903,Uniglomerular mALT DL3 lPN 33904 JMR,lPN,DL3_lPN,True,uPN,FAFB(R)
321,7414898,T1b nc mPN mALT left 7414899 Le Male ARJ,lvPN,,False,mPN,FAFB(L)
322,4340854,Uniglomerular mlALT DL2d vPN Kahlo 4340855 ASB SD,vPN,DL2d_vPN,False,uPN,FAFB(R)
323,7414907,T1a nc mPN mALT left 7414908 Tabac ARJ,lvPN,,False,mPN,FAFB(L)
324,7414912,T1a nc mPN mALT left 7414913 Farenheit ARJ,lvPN,,False,mPN,FAFB(L)
325,7414916,T1b nc mPN mALT left 7414917 Drakkar Noir ARJ,lvPN,,False,mPN,FAFB(L)
326,1363077,Multiglomerular t3-mALT l2PN VC5+VC3m+VM1+9 LTS 0.89 1363078 ARH,l2PN,,False,mPN,FAFB(R)
327,4672650,Uniglomerular t10-lALT VP5 l2PN 4672651 ZM ECM,l2PN,VP5_l2PN,False,uPN,FAFB(R)
328,1165,Uniglomerular mALT VM3 adPN 1166 DB XZ,adPN,VM3_adPN,True,uPN,FAFB(L)
329,4195469,Multiglomerular lALT l2PN VP1m+VM7d+VM7v+9 LTS 0.87 4195470 RJVR,l2PN,,False,mPN,FAFB(R)
330,11531406,Multiglomerular mALT lvPN mALT left 11531407 XZ,lvPN,,False,mPN,FAFB(L)
331,11914396,Neuron 11914397 mPN mlALT left,vPN,,False,mPN,FAFB(L)
332,4566174,neuron 4566175 mPN mlALT left,vPN,,False,mPN,FAFB(L)
333,12704927,neuron 12704928 mPN t-mALT left XZ,l2PN,,False,mPN,FAFB(L)
334,10265767,10265767 mPN DC1 + mlALT left,vPN,,False,mPN,FAFB(L)
335,5485737,Multiglomerular mlALT vPN VA6+DA4l+VC1+4 LTS 0.92 5485738 LH ASB,vPN,,False,mPN,FAFB(R)
336,771242,Uniglomerular mALT DC1 adPN 23665 AA,adPN,DC1_adPN,True,uPN,FAFB(R)
337,9751736, left Super mlALT 9751737 RJVR,vPN,,False,mPN,FAFB(L)
338,11052217,VP2 + VP5 lvPN mALT left 11052218 XZ,lvPN,,False,mPN,FAFB(L)
339,11246785,neuron 11246786 mPN mlALT left,vPN,,False,mPN,FAFB(L)
340,10058946,Neuron 10058947 mPN mALT left XZ,lvPN,,False,mPN,FAFB(L)
341,1785034,Uniglomerular mALT DA2 lPN 57399 LK,lPN,DA2_lPN,True,uPN,FAFB(R)
342,14447818,Uniglomerular mALT VM5v adPN 14447819,adPN,VM5v_adPN,True,uPN,FAFB(L)
343,13273117,13273117 mPN mlALT left,vPN,,False,mPN,FAFB(L)
344,7691475,neuron 7691476 mPN mALT left XZ,lvPN,,False,mPN,FAFB(L)
345,8864990,VP2+ adPN mALT 8864991 left ECM,adPN,VP2_adPN,False,uPN,FAFB(L)
346,1533152,Uniglomerular mlALT VM2 vPN 1533153 ASB,vPN,VM2_vPN,False,uPN,FAFB(R)
347,7689444,neuron 7689445 mPN mALT left ASB CHECK,lvPN,,False,mPN,FAFB(L)
348,1137895,Multiglomerular mALT lvPN VM3+VC4+DA1+3 LTS 0.91 56992 HG NAS,lvPN,,False,mPN,FAFB(R)
349,11117801,Neuron 11117802 mPN mALT left SEZ XZ,adPN,,False,mPN,FAFB(L)
350,27884,Uniglomerular lALT V ilPN bilateral 27885 JMR,ilPN,V_ilPN,True,uPN,FAFB(L)
351,2352364,neuron 2352365 mPN mALT left XZ,adPN,,False,mPN,FAFB(L)
352,4631791,Multiglomerular mlALT vPN DA2+VP1m+VP1l+2 LTS 0.93 4631792 ASB PS,vPN,,False,mPN,FAFB(R)
353,2335985,Uniglomerular mALT DL3 lPN 2335986 RJVR,lPN,DL3_lPN,True,uPN,FAFB(L)
354,6178039,mPN mALT left JSL XZ 6178040,lPN,,False,mPN,FAFB(L)
355,4207871,Uniglomerular mALT DA1 lPN 4207872 RJVR,lPN,DA1_lPN,True,uPN,FAFB(L)
356,11914496,Multiglomerular mlALT vPN left 11914497,vPN,,False,mPN,FAFB(L)
357,36108,Uniglomerular mALT VA7m lPN 36109 BH,lPN,VA7m_lPN,True,uPN,FAFB(R)
358,5946637,VP3++ l2PN t10-lALT left 5946638 ECM,l2PN,,False,mPN,FAFB(L)
359,7703820,neuron 7703821 mPN mALT left XZ,lvPN,,False,mPN,FAFB(L)
360,2321681,Uniglomerular mALT VL2a adPN 2321682 XZ,adPN,VL2a_adPN,True,uPN,FAFB(L)
361,23829,Uniglomerular mALT DL4 adPN 23830 JMR,adPN,DL4_adPN,True,uPN,FAFB(R)
362,2305304,neuron 2305305 mPN mlALT left,vPN,,False,mPN,FAFB(L)
363,3999003,Multiglomerular mlALT vPN VL2a+VL2p+VA1v+6 LTS 0.93 3999004 RJVR,vPN,,False,mPN,FAFB(R)
364,5471515,Uniglomerular t5-mlALT VP3 vPN 562645 GSXEJ,vPN,VP3_vPN,False,uPN,FAFB(R)
365,4175139,AL.L-LAL.L -> LH.R-SMP.R 4175140 ASB RJVR Tarnhelm,spPN,,False,mPN,FAFB(L)
366,13159715,VP3+ l2PN t10-lALT left 13159716 ECM,l2PN,VP3_l2PN,False,uPN,FAFB(L)
367,13159719,VP5 + VP2 l2PN t10-lALT left 13159720 ECM,l2PN,,False,mPN,FAFB(L)
368,7703853,Uniglomerular mALT VC5 lvPN 7703854 XZ,lvPN,VC5_lvPN,False,uPN,FAFB(L)
369,56623,Uniglomerular mALT DL2v adPN 56624 BH,adPN,DL2v_adPN,True,uPN,FAFB(R)
370,9008431,Uniglomerular mALT VM1 lPN 9008432 MT,lPN,VM1_lPN,True,uPN,FAFB(L)
371,13159728,VP3+ l2PN t10-lALT left 13159729 ECM,l2PN,VP3_l2PN,False,uPN,FAFB(L)
372,709943,Multiglomerular mlALT vPN VC4+DC4+DM4+11 LTS 0.84 Picard 709944 ASB,vPN,,False,mPN,FAFB(R)
373,13950267,VC5++ l2PN t3-mALT left 13950268 ECM,l2PN,,False,mPN,FAFB(L)
374,13159741,VP3+ l2PN t10-lALT bilateral left 13159742 ECM,l2PN,VP3_l2PN,False,uPN,FAFB(L)
375,58686,Uniglomerular mALT DP1m adPN 22768 BH ASB,adPN,DP1m_adPN,True,uPN,FAFB(R)
376,2561343,Uniglomerular mlALT VA1v vPN 2561344 RJVR,vPN,VA1v_vPN,False,uPN,FAFB(L)
377,9862464,neuron 9862465 mPN mlALT left,vPN,,False,mPN,FAFB(L)
378,10515783,VP2 + VC5 l2PN lALT bilateral left 10515784 ECM,l2PN,,False,mPN,FAFB(L)
379,755022,Uniglomerular mALT DA1 lPN 57358 IJA,lPN,DA1_lPN,True,uPN,FAFB(R)
380,4177248,VP1l+ lvPN mALT left 4177249 XZ,lvPN,VP1l_lvPN,False,uPN,FAFB(L)
381,3425,Uniglomerular mALT VA3 adPN DB XZ,adPN,VA3_adPN,True,uPN,FAFB(L)
382,2182498,Multiglomerular mlALT vPN DC3+VA5+VA1d+3 LTS 0.94 2182497 RJVR,vPN,,False,mPN,FAFB(R)
383,2444645,Uniglomerular mALT DA4l adPN 2444646 RJVR,adPN,DA4l_adPN,True,uPN,FAFB(L)
384,6649190,Multiglomerular t-mALT l2PN VL1+DC3+VL2p+5 LTS 0.92 6649191 JS ET,l2PN,,False,mPN,FAFB(R)
385,12784997,Uniglomerular mALT VA1v adPN 12784998 RJVR XZ,adPN,VA1v_adPN,True,uPN,FAFB(L)
386,7712104,Uniglomerular mALT VC3m lvPN 7712105 XZ,lvPN,VC3m_lvPN,True,uPN,FAFB(L)
387,2766186,Multiglomerular mlALT vPN VA4+DA3+VM3+37 LTS 0.3 Nibelung 2766187 RJVR,vPN,,False,mPN,FAFB(R)
388,10968432,neuron 10968433 mPN mlALT left,vPN,,False,mPN,FAFB(L)
389,40306,Uniglomerular mALT VM7d adPN 40307 CF,adPN,VM7d_adPN,True,uPN,FAFB(R)
390,12938615,12938615 mPN mlALT left,vPN,,False,mPN,FAFB(L)
391,60799,Uniglomerular mALT DM6 adPN 60800 JMR,adPN,DM6_adPN,True,uPN,FAFB(R)
392,177540,Multiglomerular mALT lvPN DP1l+VA4+DL2v+7 LTS 0.85 177541 SMM NAS,lvPN,,False,mPN,FAFB(R)
393,2405767,neuron 2405768 mPN mALT left XZ,lPN,,False,mPN,FAFB(L)
394,9704839,VP3 + VP5 l2PN t10-lALT left 9704840 ECM,l2PN,,False,mPN,FAFB(L)
395,177545,Multiglomerular mALT lvPN VM3+VM7v+VA2+31 LTS 0.43 177546 SMM AW,lvPN,,False,mPN,FAFB(R)
396,10155401,Uniglomerular mALT VA1d adPN 10155402 RT,adPN,VA1d_adPN,True,uPN,FAFB(L)
397,177549,Multiglomerular mALT lvPN DA1+VA2+VC4+4 LTS 0.91 177550 SMM AW,lvPN,,False,mPN,FAFB(R)
398,13931917,VP1m + VP2 lvPN mALT left 9053522 XZ,lvPN,,False,mPN,FAFB(L)
399,2600341,Multiglomerular lALT l2PN VP2+VC5+VM1 LTS 0.97 bilateral 2600342 RJVR ECM,l2PN,,False,mPN,FAFB(R)
400,8715672,Multiglomerular t2-mALT ilPN DA2+DL4+DA4l+19 LTS 0.69 bilateral 8715673 ECM,ilPN,,False,mPN,FAFB(R)
401,9590169,VP1m+ lvPN t2-mALT left 9590170 ECM,lvPN,,False,mPN,FAFB(L)
402,13273157,13273157 mPN mlALT left,vPN,,False,mPN,FAFB(L)
403,46493,Uniglomerular mALT DC4 adPN 46494 JMR,adPN,DC4_adPN,True,uPN,FAFB(R)
404,4926877,Multiglomerular mlALT vPN VA3+VA4+DL2v+6 LTS 0.88 Spouse of Nibelung 4926878 RJVR,vPN,,False,mPN,FAFB(R)
405,6700447,Multiglomerular mlALT vPN DP1m+DL5+DM4+1 LTS 0.95 6700448 RJVR KS,vPN,,False,mPN,FAFB(R)
406,8406430,Multiglomerular t10-lALT l2PN VC5+VP5+VP2+2 LTS 0.94 8406431 JSP,l2PN,,False,mPN,FAFB(R)
407,1144225,Multiglomerular mALT lvPN DM2+DM1+DP1m+5 LTS 0.91 177682 NSR,lvPN,,False,mPN,FAFB(R)
408,13401504,Neuron 13401504 mPN mlALT left,vPN,,False,mPN,FAFB(L)
409,1727913,Multiglomerular lALT l2PN DP1l+DP1m+DL2v+23 LTS 0.66 1727914 RJVR ZM,l2PN,,False,mPN,FAFB(R)
410,5643689,VP1d + VP1l 5643689 vPN mlALT left ECM,vPN,,False,mPN,FAFB(L)
411,177584,Multiglomerular mALT lvPN VC4+DL3+VM3+29 LTS 0.48 177585 NAS ZSG,lvPN,,False,mPN,FAFB(R)
412,4564401,Uniglomerular mALT DC2 adPN 4564402 RJVR,adPN,DC2_adPN,True,uPN,FAFB(L)
413,42421,Uniglomerular mALT VA1d adPN 42422 JMR,adPN,VA1d_adPN,True,uPN,FAFB(R)
414,165303,Uniglomerular mALT VA3 adPN 34321 JMR,adPN,VA3_adPN,True,uPN,FAFB(R)
415,3648956,Multiglomerular mALT lPN VP3+VP2+VL1+1 LTS 0.95 bilateral 57439 NS,lPN,,False,mPN,FAFB(R)
416,2405823,Uniglomerular mALT DA2 lPN 2405824 RJVR,lPN,DA2_lPN,True,uPN,FAFB(L)
417,14607810,neuron 14607811 mPN mALT left XZ,lvPN,,False,mPN,FAFB(L)
418,4812228,Uniglomerular mlALT DL2d vPN 4812229 RJVR SD,vPN,DL2d_vPN,False,uPN,FAFB(R)
419,13082053,neuron 13082054 mPN lALT lef,l2PN,,False,mPN,FAFB(L)
420,7423431,VP2 + SEZ lvPN mALT left 7423432 XZ,lvPN,VP2_lvPN,False,uPN,FAFB(L)
421,10991054,10991054 mPN VA6 + mlALT left,vPN,,False,mPN,FAFB(L)
422,699859,Uniglomerular mALT DL2d adPN 699860 NM-NS,adPN,DL2d_adPN,True,uPN,FAFB(R)
423,32214,Uniglomerular mALT VA7m lPN 32215 BH,lPN,VA7m_lPN,True,uPN,FAFB(R)
424,4586967,Uniglomerular mALT VC3l adPN 4586968 RJVR XZ,adPN,VC3l_adPN,True,uPN,FAFB(L)
425,2653656,Uniglomerular mlALT VA1d vPN 2653657 RJVR,vPN,VA1d_vPN,False,uPN,FAFB(L)
426,4632023,Multiglomerular mlALT vPN VP1d+VP1m+VP1l LTS 0.96 4632024 PS,vPN,,False,mPN,FAFB(R)
427,531931,Uniglomerular mlALT VA1d vPN 531932 ASB GSXEJ,vPN,VA1d_vPN,False,uPN,FAFB(R)
428,5946848,Biglomerular t10-lALT VP5 + VP2 l2PN 5946849 ECM,l2PN,unclear_l2PN,False,uPN,FAFB(R)
429,4494818,Uniglomerular mALT D adPN 4494819 ARJ RJVR,adPN,D_adPN,True,uPN,FAFB(L)
430,2321893,Putative Left ngPN mlALT 2321894 RJVR,vPN,,False,mPN,FAFB(L)
431,13141477,neuron 13141478 mPN lALT left,l2PN,,False,mPN,FAFB(L)
432,13053419,VP5 l2PN t10-lALT left 13053420 ECM,l2PN,VP5_l2PN,False,uPN,FAFB(L)
433,11990510,neuron 11990511 mPN mALT left,lvPN,,False,mPN,FAFB(L)
434,21999,Uniglomerular mALT VL2a adPN 22000 JMR,adPN,VL2a_adPN,True,uPN,FAFB(R)
435,7423477,T1b nc mPN mALT left 7423478 Blue Stratos ARJ,lvPN,,False,mPN,FAFB(L)
436,177656,Multiglomerular mALT lvPN VC4+DP1l+DM1+2 LTS 0.93 177657 EW AW,lvPN,,False,mPN,FAFB(R)
437,10538493,Uniglomerular mALT DL2d adPN (Cell No. 4) 10538494 SAC XZ,adPN,DL2d_adPN,True,uPN,FAFB(L)
438,583167,Multiglomerular mlALT vPN VA1d+VA7l+VA1v+5 LTS 0.93 Laphroaig 583168 AJES RJVR,vPN,,False,mPN,FAFB(R)
439,4494848,Uniglomerular mALT DL2v adPN dbock 4494849 ARJ,adPN,DL2v_adPN,True,uPN,FAFB(L)
440,11544074,Uniglomerular mALT DL1 adPN 27304 JMR,adPN,DL1_adPN,True,uPN,FAFB(R)
441,4949516,Multiglomerular mlALT vPN DM3+DC4+VM7v LTS 0.98 Fish sauce 4949517 ASB RJVR,vPN,,False,mPN,FAFB(R)
442,14935564,Neuron 14935565 mPN mALT left XZ,lvPN,,False,mPN,FAFB(L)
443,8295956,PN glomerulus V tALT left XZ 8295957,l2PN,V_l2PN,False,uPN,FAFB(L)
444,4494870,Uniglomerular mALT VM5d adPN 4494871,adPN,VM5d_adPN,True,uPN,FAFB(L)
445,4632091,Uniglomerular mlALT DP1l vPN 4624559 ASB PS,vPN,DP1l_vPN,False,uPN,FAFB(R)
446,2569759,DC4 uPN ? mlALT left 2569759,vPN,DC4_vPN,False,uPN,FAFB(L)
447,1664544,Multiglomerular t3-mALT l2PN VL1+VP5+VP2+2 LTS 0.95 bilateral 1664545 RJVR ECM,l2PN,,False,mPN,FAFB(R)
448,14011935,14011935 mPN mlALT left,vPN,,False,mPN,FAFB(L)
449,4632101,Multiglomerular mlALT vPN VM7v+DC4+DA2+2 LTS 0.94 4632102 ASB,vPN,,False,mPN,FAFB(R)
450,36390,Uniglomerular mALT VA1d adPN 36391 BH,adPN,VA1d_adPN,True,uPN,FAFB(R)
451,177706,Uniglomerular mALT DL3 lPN 177707 AEB,lPN,DL3_lPN,True,uPN,FAFB(R)
452,4058666,Multiglomerular t2-mALT lvPN VP1m+VP5+VP1l+1 LTS 0.96 4058667 ECM,lvPN,,False,mPN,FAFB(R)
453,1142316,Multiglomerular mALT lvPN DL5+DC1+DP1m+6 LTS 0.87 177664 ECS,lvPN,,False,mPN,FAFB(R)
454,5635630,Multiglomerular spPN t-mALT left 5635631 RJVR PS,spPN,,False,mPN,FAFB(L)
455,400943,Uniglomerular mALT VC3m lvPN 24596 BH,lvPN,VC3m_lvPN,True,uPN,FAFB(R)
456,775731,Uniglomerular mALT VM1 lPN 39831 JMR,lPN,VM1_lPN,True,uPN,FAFB(R)
457,4494902,Uniglomerular mALT VC3l adPN 4494903 XZ,adPN,VC3l_adPN,True,uPN,FAFB(L)
458,11544121,Uniglomerular mALT VM7d adPN 40791 BH,adPN,VM7d_adPN,True,uPN,FAFB(R)
459,12731961,neuron 12731962 bi mPN mALT left XZ Tiger,lPN,,False,mPN,FAFB(L)
460,12731966,neuron 12201995 mPN mALT left XZ Dragon,lPN,,False,mPN,FAFB(L)
461,4632128,Multiglomerular mlALT vPN VA3+VC4+VM5v+5 LTS 0.92 4632129 RJVR,vPN,,False,mPN,FAFB(R)
462,2999878,Uniglomerular mALT DA2 lPN 2999879 RJVR,lPN,DA2_lPN,True,uPN,FAFB(L)
463,2283079,neuron 2283080 mPN mALT left XZ,lvPN,,False,mPN,FAFB(L)
464,2405959,Uniglomerular mALT DA2 lPN 2405960 RJVR,lPN,DA2_lPN,True,uPN,FAFB(L)
465,14003783,Uniglomerular mALT VP5 + SEZ adPN 57472 LK ECM,adPN,unclear_adPN,False,uPN,FAFB(R)
466,3020362,Multiglomerular mlALT vPN VC1+VM5v+VA7m LTS 0.97 3020363 RJVR ZM,vPN,,False,mPN,FAFB(R)
467,7261773,Neuron 7261774 bi mPN  mALT left split from 4177235_ABF_Lightning,lPN,,False,mPN,FAFB(L)
468,16483918,Uniglomerular t10-lALT VP3+ l2PN bilateral 1356478 ARH,l2PN,VP3_l2PN,False,uPN,FAFB(R)
469,5714,Uniglomerular mALT DC2 adPN DB XZ,adPN,DC2_adPN,True,uPN,FAFB(L)
470,1144402,Multiglomerular mALT lvPN DM1+DM3+DM2+2 LTS 0.95 177691 MR,lvPN,,False,mPN,FAFB(R)
471,2352723,Uniglomerular mALT VA7m lPN 2352724 RJVR ARJ XZ,lPN,VA7m_lPN,True,uPN,FAFB(L)
472,13401688,Neuron 13401688 PN glomerulus DC1 + mlALT left,vPN,,False,mPN,FAFB(L)
473,12805737,VP4+ vPN mlALT bilateral left 12805738 AJ,vPN,VP4_vPN,False,uPN,FAFB(L)
474,4494955,Uniglomerular mALT DL2v adPN 4494956 XZ,adPN,DL2v_adPN,True,uPN,FAFB(L)
475,9901677,Uniglomerular mALT VC3l adPN 9901678 LB XZ,adPN,VC3l_adPN,True,uPN,FAFB(L)
476,22132,Uniglomerular mALT VC1 lPN 22133 BH,lPN,VC1_lPN,True,uPN,FAFB(R)
477,2381432,Uniglomerular mlALT VA1v vPN (outlier) 2381433 RJVR,vPN,VA1v_vPN,False,uPN,FAFB(L)
478,14593659,Uniglomerular mALT VM4 lvPN 14593660 XZ,lvPN,VM4_lvPN,True,uPN,FAFB(L)
479,1334915,Multiglomerular lALT l2PN DM4+DM1+DM2+28 LTS 0.52 1334916 ARH,l2PN,,False,mPN,FAFB(R)
480,3719,Uniglomerular mALT VA7m lPN PN024 DB XZ,lPN,VA7m_lPN,True,uPN,FAFB(L)
481,3663498,Multiglomerular mlALT vPN VA1v+VL2a+DA4l+3 LTS 0.94 3663499 RJVR,vPN,,False,mPN,FAFB(R)
482,13272716,Neuron 13272716 mPN mlALT left,vPN,,False,mPN,FAFB(L)
483,32399,Uniglomerular mALT DC3 adPN 32400 AA,adPN,DC3_adPN,True,uPN,FAFB(R)
484,4632208,Multiglomerular mlALT vPN DC4+VA7l+VA5+9 LTS 0.85 4632209 PS,vPN,,False,mPN,FAFB(R)
485,13272724,VM2 uPN ? mlALT left 13272725,vPN,VM2_vPN,False,uPN,FAFB(L)
486,4494998,Uniglomerular mALT VM5d adPN 4494999,adPN,VM5d_adPN,True,uPN,FAFB(L)
487,56983,Multiglomerular mALT lvPN VA4+VA3+VC4+6 LTS 0.92 56984 HG NAS,lvPN,,False,mPN,FAFB(R)
488,11085462,Uniglomerular mALT VC4 adPN 11085463 XZ,adPN,VC4_adPN,True,uPN,FAFB(L)
489,11234968,Uniglomerular t10-lALT VP3+ l2PN 11234969 PS,l2PN,VP3_l2PN,False,uPN,FAFB(R)
490,2227866,Uniglomerular mlALT VA1v vPN Dewar's 2227867 RJVR,vPN,VA1v_vPN,False,uPN,FAFB(R)
491,13272728,neuron 13272729 mPN mlALT left,vPN,,False,mPN,FAFB(L)
492,2610846,Uniglomerular mALT VM4 adPN 2610847 AES XZ,adPN,VM4_adPN,True,uPN,FAFB(L)
493,13272736,neuron 13272737 mPN VM7d + mlALT left,vPN,,False,mPN,FAFB(L)
494,56995,Multiglomerular mALT lvPN VM3+DP1l+VC3l+3 LTS 0.93 56996 IJA NAS,lvPN,,False,mPN,FAFB(R)
495,4495013,Uniglomerular mALT VA7l adPN 4495014 ARJ ECM MC,adPN,VA7l_adPN,True,uPN,FAFB(L)
496,56999,Uniglomerular mALT VP1l+ lvPN 57000 IJA NM ECM,lvPN,VP1l_lvPN,False,uPN,FAFB(R)
497,57003,Uniglomerular mALT VM4 lvPN 57004 ML,lvPN,VM4_lvPN,True,uPN,FAFB(R)
498,13272748,13272748 mPN mlALT left,vPN,,False,mPN,FAFB(L)
499,14608044,neuron 14608045 mPN mALT left XZ,lvPN,,False,mPN,FAFB(L)
500,57007,Multiglomerular mALT lvPN DP1l+DL1+DL4+6 LTS 0.86 57008 ML,lvPN,,False,mPN,FAFB(R)
501,5217967,Uniglomerular mlALT DL2v vPN 5217968 ASB RJVR,vPN,,False,mPN,FAFB(R)
502,13272752,neuron 13272753 mPN mlALT left XZ,vPN,,False,mPN,FAFB(L)
503,57011,Multiglomerular mALT lvPN DA1+DC3+VC4+6 LTS 0.92 DA1 Type 1b R 57012 NS,lvPN,,False,mPN,FAFB(R)
504,57015,Multiglomerular mALT lvPN VC5+VM4+VM1+2 LTS 0.95 57016 IJA,lvPN,,False,mPN,FAFB(R)
505,2070199,Multiglomerular t2-mALT ilPN DL4+DA2+DA4l+22 LTS 0.62 bilateral 2070200 PMJ,ilPN,,False,mPN,FAFB(L)
506,24251,Uniglomerular mALT VM7v adPN 24252 LK,adPN,VM7v_adPN,True,uPN,FAFB(R)
507,57019,Multiglomerular mALT lvPN VC4+DC3+VM5d+6 LTS 0.9 DA1 Type 1b R 57020 GA,lvPN,,False,mPN,FAFB(R)
508,40637,Uniglomerular mALT D adPN 40638 BH,adPN,D_adPN,True,uPN,FAFB(R)
509,13272764,neuron 13272765 mPN mlALT left,vPN,,False,mPN,FAFB(L)
510,57023,Multiglomerular mALT lvPN VC4+DC3+DA1+4 LTS 0.96 DA1 Type 1b R  57024 NS,lvPN,,False,mPN,FAFB(R)
511,14005954,Multiglomerular l2PN lALT left 13138091 JT,l2PN,,False,mPN,FAFB(L)
512,12795588,Uniglomerular mALT VM5v adPN 12795589 XZ,adPN,VM5v_adPN,True,uPN,FAFB(L)
513,13272772,DM4 uPN ? mlALT left 13272772,vPN,DM4_vPN,False,uPN,FAFB(L)
514,6698696,Multiglomerular mlALT vPN DL4+DA4l+VC1+2 LTS 0.93 6698697 ASB,vPN,,False,mPN,FAFB(R)
515,57035,Multiglomerular mALT lvPN DA1+DC3+DA3+3 LTS 0.94 R 2 DA1 Type 2 R  2 57036 LK,lvPN,,False,mPN,FAFB(R)
516,13272780,neuron 13272781 mPN VA2 + mlALT left,vPN,,False,mPN,FAFB(L)
517,10041038,Multiglomerular mPN mALT left 10041039 SB,lPN,,False,mPN,FAFB(L)
518,57039,Multiglomerular mALT lvPN VA7m+DL1+VA7l+6 LTS 0.91 57040 IJA,lvPN,,False,mPN,FAFB(R)
519,46800,Uniglomerular mALT VC3l adPN 46801 JMR,adPN,VC3l_adPN,True,uPN,FAFB(R)
520,57047,Multiglomerular mALT lvPN DC4+DC3+VA5+8 LTS 0.87 57048 IJA,lvPN,,False,mPN,FAFB(R)
521,5019352,Uniglomerular mlALT DM4 vPN Carpal Tunnel 5019353 RJVR,vPN,DM4_vPN,False,uPN,FAFB(R)
522,57051,Multiglomerular mALT lvPN VP2+VP5+VC5 LTS 0.97 57052 LK,lvPN,,False,mPN,FAFB(R)
523,9039579,VP4 vPN t5-mlALT left 9039580 ECM,vPN,VP4_vPN,False,uPN,FAFB(L)
524,13272796,13272796 mPN D + DC4 mlALT left,vPN,,False,mPN,FAFB(L)
525,13154015,VP2 l2PN lALT left 13154016 CK,l2PN,VP2_l2PN,False,uPN,FAFB(L)
526,3892961,Uniglomerular mALT VA1v adPN 3892962 RJVR,adPN,VA1v_adPN,True,uPN,FAFB(L)
527,30434,Uniglomerular mALT VM5v adPN 30435 BH,adPN,VM5v_adPN,True,uPN,FAFB(R)
528,57059,Biglomerular mALT VP1m + VP2 lvPN 57060 ML ECM,lvPN,,False,mPN,FAFB(R)
529,6696675,Multiglomerular mlALT vPN VC2+VM2+VA3+7 LTS 0.91 6696676 ASB,vPN,,False,mPN,FAFB(R)
530,57063,Uniglomerular mALT VP2 + SEZ lvPN 57064 ML ECM,lvPN,VP2_lvPN,False,uPN,FAFB(R)
531,13272809,neuron 13272810 mPN mlALT left,vPN,,False,mPN,FAFB(L)
532,13272813,neuron 13272813 mPN VM5d + mlALT left,vPN,,False,mPN,FAFB(L)
533,1136366,Multiglomerular mALT lvPN DM3+DM4+VC4+6 LTS 0.87 56980 IJA,lvPN,,False,mPN,FAFB(R)
534,57076,Multiglomerular mALT lvPN VA5+VA3+DC3+4 LTS 0.91 57077 ML,lvPN,,False,mPN,FAFB(R)
535,13272822,neuron 13272823 mPN VA2 + mlALT left,vPN,,False,mPN,FAFB(L)
536,57080,Multiglomerular mALT lvPN VA7m+DL1+VA3+7 LTS 0.88 57081 IJA,lvPN,,False,mPN,FAFB(R)
537,59129,Uniglomerular mALT VC3l adPN 59130 AJ,adPN,VC3l_adPN,True,uPN,FAFB(R)
538,4869882,Uniglomerular t10-lALT VP3+ l2PN bilateral 4869883 ECM,l2PN,VP3_l2PN,False,uPN,FAFB(R)
539,2379517,Uniglomerular mALT DA1 lPN PN022 2379518 DB RJVR,lPN,DA1_lPN,True,uPN,FAFB(L)
540,13272832,13272832 mPN DL2d + mlALT left,vPN,,False,mPN,FAFB(L)
541,57089,Multiglomerular mALT lvPN DA1+DC3+VA7l+5 LTS 0.9 DA1 Type 1b R 57091 IJA,lvPN,,False,mPN,FAFB(R)
542,3208963,neuron 3208964 mPN mALT left XZ,lvPN,,False,mPN,FAFB(L)
543,22277,Uniglomerular mALT VC3m lvPN 22278 AA,lvPN,VC3m_lvPN,True,uPN,FAFB(R)
544,2350853,Uniglomerular mALT DA3 adPN 2350854 XZ,adPN,DA3_adPN,True,uPN,FAFB(L)
545,13272840,neuron 13272841 mPN mlALT left,vPN,,False,mPN,FAFB(L)
546,13272852,Neuron 13272852 mPN mlALT left,vPN,,False,mPN,FAFB(L)
547,13272856,13272856 mPN mlALT left,vPN,,False,mPN,FAFB(L)
548,57114,Multiglomerular mALT lvPN VP2+VP5+VP1m LTS 0.97 57115 HG ECM,lvPN,,False,mPN,FAFB(R)
549,13272860,Uniglomerular mlALT DP1m vPN 13272861 XZ,vPN,DP1m_vPN,False,uPN,FAFB(L)
550,6967069,Multiglomerular mlALT vPN DA3+DA2+VM7v+4 LTS 0.92 6967070 RJVR,vPN,,False,mPN,FAFB(R)
551,10266398,10266398 mPN mlALT left,vPN,,False,mPN,FAFB(L)
552,57122,Multiglomerular mALT lvPN VP1m+VP2+VP5+1 LTS 0.95 57123 GA ECM,lvPN,,False,mPN,FAFB(R)
553,61221,Uniglomerular mALT DA1 lPN 61222 AJ,lPN,DA1_lPN,True,uPN,FAFB(R)
554,57126,Multiglomerular mALT lvPN VP2+D+DA2+6 LTS 0.88 57127 LK,lvPN,,False,mPN,FAFB(R)
555,13272873,neuron 13272874 mPN VC1 + mlALT left,vPN,,False,mPN,FAFB(L)
556,57130,Uniglomerular mALT VC5+ lvPN bilateral 57131 LK,lvPN,VC5_lvPN,False,uPN,FAFB(R)
557,40749,Uniglomerular mALT DA4l adPN 40750 BH,adPN,DA4l_adPN,True,uPN,FAFB(R)
558,55085,Uniglomerular mALT VC4 adPN 55086 AJ,adPN,VC4_adPN,True,uPN,FAFB(R)
559,57134,Multiglomerular mALT lvPN VP2+VP5+DC4+2 LTS 0.96 57135 GA,lvPN,,False,mPN,FAFB(R)
560,13272877,Neuron 13272877 mPN DP1m + mlALT left,vPN,,False,mPN,FAFB(L)
561,57138,Multiglomerular mALT lvPN VP5+VP2+VP1m LTS 0.96 57139 IJA ECM,lvPN,,False,mPN,FAFB(R)
562,57142,Multiglomerular mALT lvPN VP5+VP2+VP1m+1 LTS 0.95 57143 GA ECM,lvPN,,False,mPN,FAFB(R)
563,7704376,neuron 7704377 mPN mALT left,lvPN,,False,mPN,FAFB(L)
564,57146,Uniglomerular mALT VP2 + SEZ lvPN 57147 HG SAC,lvPN,VP2_lvPN,False,uPN,FAFB(R)
565,12773180,Uniglomerular mALT VM5v adPN 12773181 XZ,adPN,VM5v_adPN,True,uPN,FAFB(L)
566,3906,Uniglomerular mALT VC3m lvPN DB XZ,lvPN,VC3m_lvPN,True,uPN,FAFB(L)
567,1695556,Multiglomerular mALT adPN DL2v+DP1l+DL2d LTS 0.98 polyL4 1695557,adPN,,False,mPN,FAFB(R)
568,57158,Multiglomerular mALT lvPN DC3+DA1+DA3+3 LTS 0.95 DA1 Type 2 R 57159 GA,lvPN,,False,mPN,FAFB(R)
569,2467659,Uniglomerular mALT DA2 lPN 2467660 RJVR,lPN,DA2_lPN,True,uPN,FAFB(L)
570,2551627,Uniglomerular mALT VA1v adPN 2551628,adPN,VA1v_adPN,True,uPN,FAFB(L)
571,177997,Multiglomerular mALT lvPN VL2p+VM7v+DM3+16 LTS 0.68 177998 SMM,lvPN,,False,mPN,FAFB(R)
572,57166,Uniglomerular mALT VP2 + SEZ lvPN 57167 LK,lvPN,VP2_lvPN,False,uPN,FAFB(R)
573,67408,Uniglomerular mALT DM2 lPN 67409 BH,lPN,DM2_lPN,True,uPN,FAFB(R)
574,5494609,Multiglomerular mALT lvPN VM3+DM3+DM1+5 LTS 0.93 5494610 PS,lvPN,,False,mPN,FAFB(R)
575,13272914,13272914 mPN mlALT left,vPN,,False,mPN,FAFB(L)
576,57171,Multiglomerular mALT lvPN DL2d+VL1+VL2p+4 LTS 0.9 57172 LK,lvPN,,False,mPN,FAFB(R)
577,55125,Uniglomerular mALT VA1v adPN 55126 BH,adPN,VA1v_adPN,True,uPN,FAFB(R)
578,57175,Multiglomerular mALT lvPN VC5+VM1+VM4+2 LTS 0.96 57176 IJA ECM,lvPN,,False,mPN,FAFB(R)
579,1722202,Uniglomerular mlALT VA1v vPN Double mlALT 1722203 RJVR,vPN,VA1v_vPN,False,uPN,FAFB(R)
580,57179,Multiglomerular mALT lvPN DA1 DA1+DA3+DC3+1 LTS 0.97 Type 2 R 57180 LK,lvPN,,False,mPN,FAFB(R)
581,77661,Uniglomerular mALT DL3 lPN 77662 LK,lPN,DL3_lPN,True,uPN,FAFB(R)
582,7415649,T1a nc mPN mALT left 7415650 Aramis ARJ,lvPN,,False,mPN,FAFB(L)
583,4495204,neuron 4495205 mPN mALT left XZ,lvPN,,False,mPN,FAFB(L)
584,3239781,Uniglomerular mALT DA1 lPN 3239782 RJVR,lPN,DA1_lPN,True,uPN,FAFB(L)
585,57192,Uniglomerular mALT VM4 lvPN 57193 LK,lvPN,VM4_lvPN,True,uPN,FAFB(R)
586,13272939,Uniglomerular mlALT DP1m vPN 13272940 XZ,vPN,DP1m_vPN,False,uPN,FAFB(L)
587,57196,Multiglomerular mALT lvPN DL4+DL5+DP1l+3 LTS 0.93 57197 ML,lvPN,,False,mPN,FAFB(R)
588,13272943,neuron 13272944 mPN mlALT left,vPN,,False,mPN,FAFB(L)
589,57200,Uniglomerular mALT VP1l+ lvPN 57201 NS ECM,lvPN,VP1l_lvPN,False,uPN,FAFB(R)
590,3301234,Uniglomerular mlALT VL2a vPN 3301235,vPN,VL2a_vPN,False,uPN,FAFB(L)
591,13272947,neuron 13272948 mPN mlALT left,vPN,,False,mPN,FAFB(L)
592,57204,Multiglomerular mALT lvPN VC3l+VC4+VL2p+4 LTS 0.92 57205 IJA,lvPN,,False,mPN,FAFB(R)
593,5269364,Uniglomerular mALT DL1 adPN 5269365 GSXEJ,adPN,DL1_adPN,True,uPN,FAFB(L)
594,57208,Multiglomerular mALT lvPN VL2p+VC3m+VC5+5 LTS 0.92 57209 IJA,lvPN,,False,mPN,FAFB(R)
595,13272955,Putative Uniglomerular mlALT DL2d vPN,vPN,DL2d_vPN,False,uPN,FAFB(L)
596,57212,Multiglomerular mALT lvPN DL4+VL2p+VL1+5 LTS 0.89 57213 IJA ECM,lvPN,,False,mPN,FAFB(R)
597,15822716,Neuron 15822717 mPN mALT left,adPN,,False,mPN,FAFB(L)
598,57216,Uniglomerular mALT DL5 lvPN 57217 GA,lvPN,unclear_lvPN,False,uPN,FAFB(R)
599,49026,Multiglomerular mALT adPN VC3l+VM4+VC3m+9 LTS 0.89 polyL 49027 AJ,adPN,,False,mPN,FAFB(R)
600,4495235,neuron 4495236 mPN mALT left XZ,lvPN,,False,mPN,FAFB(L)
601,57220,Multiglomerular mALT lvPN VA4+DM1+DM3+5 LTS 0.91 57221 LK NAS,lvPN,,False,mPN,FAFB(R)
602,9899909,Uniglomerular mALT DM3 adPN 9899910 ECM LB,adPN,DM3_adPN,True,uPN,FAFB(L)
603,13272963,Neuron 13272963 mPN mlALT left,vPN,,False,mPN,FAFB(L)
604,51080,Uniglomerular mALT VA1v adPN 57251 LK,adPN,VA1v_adPN,True,uPN,FAFB(R)
605,57224,Uniglomerular mALT VP1l+ lvPN 57225 ML,lvPN,VP1l_lvPN,False,uPN,FAFB(R)
606,7706507,neuron 7706508 mPN mALT left XZ,lvPN,,False,mPN,FAFB(L)
607,13272972,VP1m + VP1d mlALT vPN 13272972  left,vPN,,False,mPN,FAFB(L)
608,6100878,neuron 6100879 mPN mALT left XZ,lPN,,False,mPN,FAFB(L)
609,3200911,Uniglomerular mALT VM4 lvPN 3200912 XZ,lvPN,VM4_lvPN,True,uPN,FAFB(L)
610,57232,Multiglomerular mALT lvPN DA2+DC4+VP1m+8 LTS 0.85 57233 GA,lvPN,,False,mPN,FAFB(R)
611,9740174,VP1d + VP4 l2PN lALT left 9740175 RJVR,l2PN,,False,mPN,FAFB(L)
612,57236,Uniglomerular mALT VC5+ lvPN bilateral 57237 LK ECM,lvPN,VC5_lvPN,False,uPN,FAFB(R)
613,22422,Uniglomerular mALT DL2v adPN 22423 JMR,adPN,DL2v_adPN,True,uPN,FAFB(R)
614,57241,Uniglomerular mALT DC3 adPN 57242 ML,adPN,DC3_adPN,True,uPN,FAFB(R)
615,57246,Uniglomerular mALT VA1v adPN 57247 HG,adPN,VA1v_adPN,True,uPN,FAFB(R)
616,3813278,Multiglomerular mlALT vPN DA3+DC2+DA2+4 LTS 0.93 3813279 ASB ECM,vPN,,False,mPN,FAFB(R)
617,581536,Uniglomerular mALT DL3 lPN 47095 JMR,lPN,DL3_lPN,True,uPN,FAFB(R)
618,3813282,Multiglomerular mlALT vPN VM3+VC4+VA3+5 LTS 0.89 3813283 PS,vPN,,False,mPN,FAFB(R)
619,12668836,12668836 mPN mlALT left,vPN,,False,mPN,FAFB(L)
620,57254,Multiglomerular mALT adPN VC3m+VC3l+VM4+8 LTS 0.87 polyL 57255 NS,adPN,,False,mPN,FAFB(R)
621,192423,Uniglomerular dALT VP1d il2PN 192424 CLM NM ,il2PN,VP1d_il2PN,False,uPN,FAFB(R)
622,57258,Multiglomerular mALT adPN VL2p+VM4+DP1l+5 LTS 0.92 polyL 57259 LK,adPN,,False,mPN,FAFB(R)
623,13273002,neuron 13273003 mPN mlALT left,vPN,,False,mPN,FAFB(L)
624,192430,Multiglomerular t2-mALT lvPN VP1m+VP5+VP1l LTS 0.97 192431 SMM ECM,lvPN,,False,mPN,FAFB(R)
625,42927,Uniglomerular mALT VC4 adPN 42928 JMR,adPN,VC4_adPN,True,uPN,FAFB(R)
626,15845297,Neuron 15845298,adPN,,False,mPN,FAFB(L)
627,57266,Multiglomerular mALT adPN VC3l+DC4+VC3m+9 LTS 0.84 polyL 57267 ML,adPN,,False,mPN,FAFB(R)
628,57270,Multiglomerular mALT adPN VC3m+VM4+VC3l+1 LTS 0.95 polyL 57271 LK,adPN,,False,mPN,FAFB(R)
629,65465,Uniglomerular mALT DA3 adPN 57407 ML,adPN,DA3_adPN,True,uPN,FAFB(R)
630,57274,Multiglomerular mALT adPN VL2p+VL2a+DP1l+1 LTS 0.94 57275 LK,adPN,,False,mPN,FAFB(R)
631,1712057,Uniglomerular mALT VP2+ adPN 1712058 ECM,adPN,VP2_adPN,False,uPN,FAFB(R)
632,2381753,Uniglomerular mALT DA1 lPN 2381754 RJVR,lPN,DA1_lPN,True,uPN,FAFB(L)
633,57278,Multiglomerular mALT adPN VC3l+VM4+VC3m+8 LTS 0.84 polyL 57279 IJA,adPN,,False,mPN,FAFB(R)
634,1720254,Multiglomerular mALT lvPN DA3+DA1+VC3l+8 LTS 0.84 1720255,lvPN,,False,mPN,FAFB(R)
635,2645953,Multiglomerular mlALT vPN DL3+DA1+DC3 LTS 0.97 Rockland 2645954 FML,vPN,,False,mPN,FAFB(R)
636,4624321,Multiglomerular mlALT vPN VA4+DA1+VA1d+2 LTS 0.96 4624322 RJVR,vPN,,False,mPN,FAFB(R)
637,4624325,Uniglomerular mlALT DC4 vPN 4624326 RJVR,vPN,unclear_vPN,False,uPN,FAFB(R)
638,1992,Uniglomerular mALT DL5 adPN DB,adPN,DL5_adPN,True,uPN,FAFB(L)
639,3813322,Multiglomerular mlALT vPN DC1+VM7v+DA2+3 LTS 0.91 3813323 ECM,vPN,,False,mPN,FAFB(R)
640,2846667,Uniglomerular mlALT VL1 vPN 2846668 RJVR,vPN,VL1_vPN,False,uPN,FAFB(R)
641,561100,VP3 vPN t5ALT left 561101 GSXEJ ECM,vPN,VP3_vPN,False,uPN,FAFB(L)
642,1533901,Multiglomerular mlALT vPN VM5d+DM2+VM7d+4 LTS 0.92 1533902 ASB,vPN,,False,mPN,FAFB(R)
643,4624334,Multiglomerular mlALT vPN VM7d+DM2+VM5d+2 LTS 0.94 4624335 RJVR,vPN,,False,mPN,FAFB(R)
644,9752522,DA4l left mlALT 9752522 RJVR,vPN,,False,mPN,FAFB(L)
645,3903440,Multiglomerular mlALT vPN DC3+VC1+VC2+1 LTS 0.95 Frieda 3903441 SD,vPN,,False,mPN,FAFB(R)
646,10991568,Putative Left PN mlALT neuron 10991569 Sawa IFMT,vPN,,False,mPN,FAFB(L)
647,4624338,Multiglomerular mlALT vPN DM3+DC4+DC2+1 LTS 0.96 4624339 ASB PS,vPN,,False,mPN,FAFB(R)
648,3813331,Uniglomerular mlALT DM4 vPN 3813332 ASB,vPN,unclear_vPN,False,uPN,FAFB(R)
649,10991572,Putative mPN mALT left neuron 10991573 Santa IFMT,lvPN,,False,mPN,FAFB(L)
650,3813335,Multiglomerular mlALT vPN DM2+VM7d+VC3l+2 LTS 0.95 3813336 ASB,vPN,,False,mPN,FAFB(R)
651,483289,Uniglomerular mALT DL4 adPN 483290 JSL FML RJVR,adPN,DL4_adPN,True,uPN,FAFB(L)
652,2349018,Uniglomerular mALT DL3 lPN 2349019 RJVR,lPN,DL3_lPN,True,uPN,FAFB(L)
653,57307,Uniglomerular mALT DM6 adPN 57308 ML,adPN,DM6_adPN,True,uPN,FAFB(R)
654,4624346,Multiglomerular mlALT vPN DP1m+DP1l+DL2d+4 LTS 0.91 4624347 PS,vPN,,False,mPN,FAFB(R)
655,2349022,Uniglomerular mALT DL3 lPN 2349023 RJVR,lPN,DL3_lPN,True,uPN,FAFB(L)
656,57311,Uniglomerular mALT DA1 lPN 57312 LK,lPN,DA1_lPN,True,uPN,FAFB(R)
657,3813343,Uniglomerular mlALT VM2 vPN 3813344 PS,vPN,VM2_vPN,False,uPN,FAFB(R)
658,3813347,Multiglomerular mlALT vPN VM7d+DM3+DC4+4 LTS 0.91 3813348 RJVR,vPN,,False,mPN,FAFB(R)
659,38885,Uniglomerular mALT DA2 lPN 38886 BH,lPN,DA2_lPN,True,uPN,FAFB(R)
660,4070,Uniglomerular mALT VC3l adPN DB XZ,adPN,VC3l_adPN,True,uPN,FAFB(L)
661,57319,Uniglomerular mALT VA3 adPN 57320 IJA,adPN,VA3_adPN,True,uPN,FAFB(R)
662,2349030,Uniglomerular mALT DL3 lPN (outlier) 2349031 RJVR,lPN,DL3_lPN,True,uPN,FAFB(L)
663,434153,Uniglomerular mALT VM1 lPN 434154,lPN,VM1_lPN,True,uPN,FAFB(L)
664,3813351,Multiglomerular mlALT vPN DA2+VM7v+DC1+2 LTS 0.93 3813352 ECM,vPN,,False,mPN,FAFB(R)
665,57323,Uniglomerular mALT DA1 lPN 57324 LK JSL,lPN,DA1_lPN,True,uPN,FAFB(R)
666,4624362,Multiglomerular mlALT vPN VM3+VC4+VA2 LTS 0.97 4624363 RJVR,vPN,,False,mPN,FAFB(R)
667,57333,Uniglomerular mALT DL2d adPN 57334 IJA,adPN,DL2d_adPN,True,uPN,FAFB(R)
668,4624374,Uniglomerular mlALT VM2 vPN 4624375 ASB,vPN,VM2_vPN,False,uPN,FAFB(R)
669,57337,Uniglomerular mALT DL2d adPN 57338 IJA,adPN,DL2d_adPN,True,uPN,FAFB(R)
670,4624378,Multiglomerular mlALT vPN VM7d+VM5d+DC4+6 LTS 0.92 4624379 RJVR,vPN,,False,mPN,FAFB(R)
671,57341,Uniglomerular mALT DL2d adPN 57342 ML,adPN,DL2d_adPN,True,uPN,FAFB(R)
1,698508565,V_ilPN,ilPN,V_ilPN,True,uPN,FIB
2,2064165421,V_ilPN,ilPN,V_ilPN,True,uPN,FIB
3,5813039235,DM6_adPN_R,adPN,DM6_adPN,True,uPN,FIB
4,1849684319,VC5_lvPN_R,lvPN,VC5_lvPN,False,uPN,FIB
5,632751823,VC5_lvPN_R,lvPN,VC5_lvPN,False,uPN,FIB
6,5813055184,D_adPN_R,adPN,D_adPN,True,uPN,FIB
7,1536947502,D_adPN_R,adPN,D_adPN,True,uPN,FIB
8,5813038889,D_adPN_R,adPN,D_adPN,True,uPN,FIB
9,1734350908,DA1_lPN_R,lPN,DA1_lPN,True,uPN,FIB
10,1765040289,DA1_lPN_R,lPN,DA1_lPN,True,uPN,FIB
11,754534424,DA1_lPN_R,lPN,DA1_lPN,True,uPN,FIB
12,754538881,DA1_lPN_R,lPN,DA1_lPN,True,uPN,FIB
13,1734350788,DA1_lPN_R,lPN,DA1_lPN,True,uPN,FIB
14,722817260,DA1_lPN_R,lPN,DA1_lPN,True,uPN,FIB
15,5813039315,DA1_lPN_R,lPN,DA1_lPN,True,uPN,FIB
16,1796818119,DA2_lPN_R,lPN,DA2_lPN,True,uPN,FIB
17,1827516355,DA2_lPN_R,lPN,DA2_lPN,True,uPN,FIB
18,1796817841,DA2_lPN_R,lPN,DA2_lPN,True,uPN,FIB
19,818983130,DA2_lPN_R,lPN,DA2_lPN,True,uPN,FIB
20,1797505019,DA2_lPN_R,lPN,DA2_lPN,True,uPN,FIB
21,1703683361,DA3_adPN_R,adPN,DA3_adPN,True,uPN,FIB
22,666135689,DA3_adPN_R,adPN,DA3_adPN,True,uPN,FIB
23,544021095,DA4l_adPN_R,adPN,DA4l_adPN,True,uPN,FIB
24,574037266,DA4m_adPN_R,adPN,DA4m_adPN,True,uPN,FIB
25,1640594274,DC1_adPN_R,adPN,DC1_adPN,True,uPN,FIB
26,1828206773,DC2_adPN_R,adPN,DC2_adPN,True,uPN,FIB
27,5813055048,DC2_adPN_R,adPN,DC2_adPN,True,uPN,FIB
28,5813039471,DC3_adPN_R,adPN,DC3_adPN,True,uPN,FIB
29,1858171399,DC3_adPN_R,adPN,DC3_adPN,True,uPN,FIB
30,1857825571,DC3_adPN_R,adPN,DC3_adPN,True,uPN,FIB
31,5813056596,DC4_adPN_R,adPN,DC4_adPN,True,uPN,FIB
32,1700937093,DL1_adPN_R,adPN,DL1_adPN,True,uPN,FIB
33,1700946301,DL1_adPN_R,adPN,DL1_adPN,True,uPN,FIB
34,788648194,DL2d_adPN_R,adPN,DL2d_adPN,True,uPN,FIB
35,1793014716,DL2d_adPN_R,adPN,DL2d_adPN,True,uPN,FIB
36,5813024710,DL2d_adPN_R,adPN,DL2d_adPN,True,uPN,FIB
37,1756579280,DL2d_adPN_R,adPN,DL2d_adPN,True,uPN,FIB
38,1793351401,DL2d_adPN_R,adPN,DL2d_adPN,True,uPN,FIB
39,5813039465,DL2v_adPN_R,adPN,DL2v_adPN,True,uPN,FIB
40,5813038793,DL2v_adPN_R,adPN,DL2v_adPN,True,uPN,FIB
41,1734420152,DL2v_adPN_R,adPN,DL2v_adPN,True,uPN,FIB
42,1609542060,DL3_lPN_R,lPN,DL3_lPN,True,uPN,FIB
43,1609883245,DL3_lPN_R,lPN,DL3_lPN,True,uPN,FIB
44,1640568102,DL3_lPN_R,lPN,DL3_lPN,True,uPN,FIB
45,1670934213,DL4_adPN_R,adPN,DL4_adPN,True,uPN,FIB
46,693483018,DL5_adPN_R,adPN,DL5_adPN,True,uPN,FIB
47,542634818,DM1_lPN_R,lPN,DM1_lPN,True,uPN,FIB
48,5901222910,DM2_lPN_R,lPN,DM2_lPN,True,uPN,FIB
49,630714299,DM2_lPN_R,lPN,DM2_lPN,True,uPN,FIB
50,755518957,DM3_adPN_R,adPN,DM3_adPN,True,uPN,FIB
51,573333835,DM4_adPN_R,adPN,DM4_adPN,True,uPN,FIB
52,697485362,DM5_lPN_R,lPN,DM5_lPN,True,uPN,FIB
53,635416407,DM5_lPN_R,lPN,DM5_lPN,True,uPN,FIB
54,1764091241,DM6_adPN_R,adPN,DM6_adPN,True,uPN,FIB
55,788306624,DM6_adPN_R,adPN,DM6_adPN,True,uPN,FIB
56,5813070872,DM6_adPN_R,adPN,DM6_adPN,True,uPN,FIB
57,724816115,DP1l_adPN_R,adPN,DP1l_adPN,True,uPN,FIB
58,635062078,DP1m_adPN_R,adPN,DP1m_adPN,True,uPN,FIB
59,5812995098,VC5_lvPN_R,lvPN,VC5_lvPN,False,uPN,FIB
60,726207450,VM4_lvPN_R,lvPN,VM4_lvPN,True,uPN,FIB
61,1850024931,VM4_lvPN_R,lvPN,VM4_lvPN,True,uPN,FIB
62,1851061177,VA1d_adPN_R,adPN,VA1d_adPN,True,uPN,FIB
63,5813055162,VA1d_adPN_R,adPN,VA1d_adPN,True,uPN,FIB
64,850375847,VA1d_adPN_R,adPN,VA1d_adPN,True,uPN,FIB
65,5813024601,VA1v_adPN_R,adPN,VA1v_adPN,True,uPN,FIB
66,1788300760,VA1v_adPN_R,adPN,VA1v_adPN,True,uPN,FIB
67,5813054697,VA1v_adPN_R,adPN,VA1v_adPN,True,uPN,FIB
68,1977579449,VA2_adPN_R,adPN,VA2_adPN,True,uPN,FIB
69,5813055025,VA3_adPN_R,adPN,VA3_adPN,True,uPN,FIB
70,1889253785,VA3_adPN_R,adPN,VA3_adPN,True,uPN,FIB
71,1630051981,VA4_lPN_R,lPN,VA4_lPN,True,uPN,FIB
72,574374051,VA5_lPN_R,lPN,VA5_lPN,True,uPN,FIB
73,574037281,VA5_lPN_R,lPN,VA5_lPN,True,uPN,FIB
74,574032862,VA5_lPN_R,lPN,VA5_lPN,True,uPN,FIB
75,1881751117,VA6_adPN_R,adPN,VA6_adPN,True,uPN,FIB
76,1692817033,VA7l_adPN_R,adPN,VA7l_adPN,True,uPN,FIB
77,5813050729,VA7m_lPN_R,lPN,VA7m_lPN,True,uPN,FIB
78,1882083076,VA7m_lPN_R,lPN,VA7m_lPN,True,uPN,FIB
79,5813055180,VA7m_lPN_R,lPN,VA7m_lPN,True,uPN,FIB
80,606090268,VC1_lPN_R,lPN,VC1_lPN,True,uPN,FIB
81,1850706912,VC2_lPN_R,lPN,VC2_lPN,True,uPN,FIB
82,5813000276,VC3l_adPN_R,adPN,VC3l_adPN,True,uPN,FIB
83,693125078,VC3l_adPN_R,adPN,VC3l_adPN,True,uPN,FIB
84,1914823337,VC3l_adPN_R,adPN,VC3l_adPN,True,uPN,FIB
85,662776660,VC3m_lvPN_R,lvPN,VC3m_lvPN,True,uPN,FIB
86,1442819296,VC3m_lvPN_R,lvPN,VC3m_lvPN,True,uPN,FIB
87,1818307672,VC3m_lvPN_R,lvPN,VC3m_lvPN,True,uPN,FIB
88,5813055147,VC4_adPN_R,adPN,VC4_adPN,True,uPN,FIB
89,788306724,VC4_adPN_R,adPN,VC4_adPN,True,uPN,FIB
90,754854077,VC4_adPN_R,adPN,VC4_adPN,True,uPN,FIB
91,636789080,VC5_adPN_R,adPN,VC5_adPN,True,uPN,FIB
92,1912789965,VL1_ilPN,ilPN,VL1_ilPN,True,uPN,FIB
93,2166133204,VL1_ilPN,ilPN,VL1_ilPN,True,uPN,FIB
94,5813069089,VL2a_adPN_R,adPN,VL2a_adPN,True,uPN,FIB
95,1944507292,VL2p_adPN_R,adPN,VL2p_adPN,True,uPN,FIB
96,1850711304,VM1_lPN_R,lPN,VM1_lPN,True,uPN,FIB
97,697132371,VM2_adPN_R,adPN,VM2_adPN,True,uPN,FIB
98,727472481,VM2_adPN_R,adPN,VM2_adPN,True,uPN,FIB
99,1851389175,VM3_adPN_R,adPN,VM3_adPN,True,uPN,FIB
100,1977916288,VM3_adPN_R,adPN,VM3_adPN,True,uPN,FIB
101,694834412,VM4_adPN_R,adPN,VM4_adPN,True,uPN,FIB
102,1888572074,VM5d_adPN_R,adPN,VM5d_adPN,True,uPN,FIB
103,1914823414,VM5d_adPN_R,adPN,VM5d_adPN,True,uPN,FIB
104,1914140664,VM5d_adPN_R,adPN,VM5d_adPN,True,uPN,FIB
105,1006258344,VM5d_adPN_R,adPN,VM5d_adPN,True,uPN,FIB
106,5813024712,VM5d_adPN_R,adPN,VM5d_adPN,True,uPN,FIB
107,5813034571,VM5v_adPN_R,adPN,VM5v_adPN,True,uPN,FIB
108,2010992546,VM5v_adPN_R,adPN,VM5v_adPN,True,uPN,FIB
109,5813050727,VM7d_adPN_R,adPN,VM7d_adPN,True,uPN,FIB
110,1851393805,VM7d_adPN_R,adPN,VM7d_adPN,True,uPN,FIB
111,693479072,VM7v_adPN_R,adPN,VM7v_adPN,True,uPN,FIB
112,1889253763,VM7v_adPN_R,adPN,VM7v_adPN,True,uPN,FIB
113,948834414,VL2a_vPN_R,vPN,VL2a_vPN,False,uPN,FIB
114,856071065,VA1v_vPN_R,vPN,VA1v_vPN,False,uPN,FIB
115,733316908,DA1_vPN_R,vPN,DA1_vPN,False,uPN,FIB
116,1888524453,VA1d_vPN_R,vPN,VA1d_vPN,False,uPN,FIB
117,887105351,VA1v_vPN_R,vPN,VA1v_vPN,False,uPN,FIB
118,757556799,VL1_vPN_R,vPN,VL1_vPN,False,uPN,FIB
119,824353701,VL2p_vPN_R,vPN,VL2p_vPN,False,uPN,FIB
120,635048729,DP1m_vPN_R,vPN,DP1m_vPN,False,uPN,FIB
121,5813077810,VL2a_vPN_R,vPN,VL2a_vPN,False,uPN,FIB
122,730213826,DP1l_vPN_R,vPN,DP1l_vPN,False,uPN,FIB
123,604031203,DM4_vPN_R,vPN,DM4_vPN,False,uPN,FIB
124,1447201088,DC4_vPN_R,vPN,DC4_vPN,False,uPN,FIB
125,542652506,DM4_vPN_R,vPN,DM4_vPN,False,uPN,FIB
126,697848868,DC4_vPN_R,vPN,DC4_vPN,False,uPN,FIB
127,1570685283,DM3_vPN_R,vPN,DM3_vPN,False,uPN,FIB
128,823314446,DL2d_vPN_R,vPN,DL2d_vPN,False,uPN,FIB
129,1889883818,VL2a_vPN_R,vPN,VL2a_vPN,False,uPN,FIB
130,666818300,V_l2PN_R,l2PN,V_l2PN,False,uPN,FIB
1,1671638278,M_l2PNl20_R,l2PN,M_l2PNl20,False,mPN,FIB
2,1793403571,M_l2PNl22_R,l2PN,M_l2PNl22,False,mPN,FIB
3,1701299822,M_imPNl92_R,imPN,M_imPNl92,False,mPN,FIB
4,1917866877,M_l2PNl23_R,l2PN,M_l2PNl23,False,mPN,FIB
5,1700307582,M_l2PNl21_R,l2PN,M_l2PNl21,False,mPN,FIB
6,1037293275,M_l2PNm16_R,l2PN,M_l2PNm16,False,mPN,FIB
7,1671952694,M_lvPNm24_R,lvPN,M_lvPNm24,False,mPN,FIB
8,5813024692,M_adPNm3_R,adPN,M_adPNm3,False,mPN,FIB
9,850703925,M_lPNm11B_R,lPN,M_lPNm11B,False,mPN,FIB
10,1733677514,M_l2PNm16_R,l2PN,M_l2PNm16,False,mPN,FIB
11,1794055377,M_l2PNm15_R,l2PN,M_l2PNm15,False,mPN,FIB
12,577542489,M_lvPNm24_R,lvPN,M_lvPNm24,False,mPN,FIB
13,609924156,M_lvPNm39_R,lvPN,M_lvPNm39,False,mPN,FIB
14,1917188956,M_lPNm11D_R,lPN,M_lPNm11D,False,mPN,FIB
15,1671608112,M_ilPNm90_R,ilPN,M_ilPNm90,False,mPN,FIB
16,5812995328,M_lvPNm26_R,lvPN,M_lvPNm26,False,mPN,FIB
17,1693827279,M_adPNm8_R,adPN,M_adPNm8,False,mPN,FIB
18,850708902,M_lPNm11C_R,lPN,M_lPNm11C,False,mPN,FIB
19,5812983069,M_lPNm13_R,lPN,M_lPNm13,False,mPN,FIB
20,5813024799,M_lPNm12_R,lPN,M_lPNm12,False,mPN,FIB
21,5812992940,M_lvPNm46_R,lvPN,M_lvPNm46,False,mPN,FIB
22,757258507,M_lvPNm45_R,lvPN,M_lvPNm45,False,mPN,FIB
23,1827473315,M_lvPNm42_R,lvPN,M_lvPNm42,False,mPN,FIB
24,1670969304,M_lvPNm28_R,lvPN,M_lvPNm28,False,mPN,FIB
25,788945049,M_adPNm8_R,adPN,M_adPNm8,False,mPN,FIB
26,1887163927,M_lPNm11D_R,lPN,M_lPNm11D,False,mPN,FIB
27,730252777,M_lvPNm41_R,lvPN,M_lvPNm41,False,mPN,FIB
28,1504889437,M_lvPNm38_R,lvPN,M_lvPNm38,False,mPN,FIB
29,5813079228,M_lvPNm30_R,lvPN,M_lvPNm30,False,mPN,FIB
30,1886132855,M_adPNm7_R,adPN,M_adPNm7,False,mPN,FIB
31,1672293837,M_lvPNm29_R,lvPN,M_lvPNm29,False,mPN,FIB
32,5901194250,M_lvPNm37_R,lvPN,M_lvPNm37,False,mPN,FIB
33,757569579,M_lvPNm44_R,lvPN,M_lvPNm44,False,mPN,FIB
34,1762674761,M_adPNm8_R,adPN,M_adPNm8,False,mPN,FIB
35,1849683877,M_lvPNm46_R,lvPN,M_lvPNm46,False,mPN,FIB
36,1765415970,M_lvPNm41_R,lvPN,M_lvPNm41,False,mPN,FIB
37,757591093,M_lvPNm45_R,lvPN,M_lvPNm45,False,mPN,FIB
38,762982753,M_adPNm5_R,adPN,M_adPNm5,False,mPN,FIB
39,792024028,M_lvPNm43_R,lvPN,M_lvPNm43,False,mPN,FIB
40,792023887,M_lvPNm45_R,lvPN,M_lvPNm45,False,mPN,FIB
41,788940872,M_adPNm6_R,adPN,M_adPNm6,False,mPN,FIB
42,1795410644,M_lvPNm41_R,lvPN,M_lvPNm41,False,mPN,FIB
43,1732313117,M_lvPNm40_R,lvPN,M_lvPNm40,False,mPN,FIB
44,2040344064,M_adPNm5_R,adPN,M_adPNm5,False,mPN,FIB
45,1916528384,M_adPNm5_R,adPN,M_adPNm5,False,mPN,FIB
46,851684181,M_lvPNm42_R,lvPN,M_lvPNm42,False,mPN,FIB
47,1943811511,M_lvPNm31_R,lvPN,M_lvPNm31,False,mPN,FIB
48,697844568,M_lvPNm40_R,lvPN,M_lvPNm40,False,mPN,FIB
49,639276164,M_lvPNm25_R,lvPN,M_lvPNm25,False,mPN,FIB
50,1693486219,M_lPNm13_R,lPN,M_lPNm13,False,mPN,FIB
51,1912435859,M_lvPNm47_R,lvPN,M_lvPNm47,False,mPN,FIB
52,1411784734,M_lvPNm25_R,lvPN,M_lvPNm25,False,mPN,FIB
53,5812992942,M_lvPNm37_R,lvPN,M_lvPNm37,False,mPN,FIB
54,1856820042,M_lvPNm47_R,lvPN,M_lvPNm47,False,mPN,FIB
55,1670597454,M_lvPNm35_R,lvPN,M_lvPNm35,False,mPN,FIB
56,1827861966,M_lPNm11D_R,lPN,M_lPNm11D,False,mPN,FIB
57,1730656082,M_lvPNm26_R,lvPN,M_lvPNm26,False,mPN,FIB
58,1825085656,M_lPNm11D_R,lPN,M_lPNm11D,False,mPN,FIB
59,329599710,M_lvPNm32_R,lvPN,M_lvPNm32,False,mPN,FIB
60,1857148391,M_lPNm11D_R,lPN,M_lPNm11D,False,mPN,FIB
61,1856833015,M_lPNm12_R,lPN,M_lPNm12,False,mPN,FIB
62,1759999022,M_lvPNm33_R,lvPN,M_lvPNm33,False,mPN,FIB
63,1670973150,M_lvPNm27_R,lvPN,M_lvPNm27,False,mPN,FIB
64,5813069532,M_lvPNm34_R,lvPN,M_lvPNm34,False,mPN,FIB
65,1723506321,M_l2PNm14_R,l2PN,M_l2PNm14,False,mPN,FIB
66,5901194556,M_lvPNm37_R,lvPN,M_lvPNm37,False,mPN,FIB
67,977866721,M_vPNml65_R,vPN,M_vPNml65,False,mPN,FIB
68,636418270,M_vPNml58_R,vPN,M_vPNml58,False,mPN,FIB
69,634707780,M_vPNml58_R,vPN,M_vPNml58,False,mPN,FIB
70,1857143769,M_vPNml63_R,vPN,M_vPNml63,False,mPN,FIB
71,886812643,M_vPNml55_R,vPN,M_vPNml55,False,mPN,FIB
72,1099911913,M_vPNml64_R,vPN,M_vPNml64,False,mPN,FIB
73,1322012611,M_vPNml64_R,vPN,M_vPNml64,False,mPN,FIB
74,542665377,M_vPNml79_R,vPN,M_vPNml79,False,mPN,FIB
75,667823920,M_vPNml56_R,vPN,M_vPNml56,False,mPN,FIB
76,5813041247,M_vPNml65_R,vPN,M_vPNml65,False,mPN,FIB
77,823037476,M_vPNml52_R,vPN,M_vPNml52,False,mPN,FIB
78,1447205602,M_vPNml83_R,vPN,M_vPNml83,False,mPN,FIB
79,5812996003,M_vPNml72_R,vPN,M_vPNml72,False,mPN,FIB
80,2383731281,M_vPNml51_R,vPN,M_vPNml51,False,mPN,FIB
81,1415829574,M_vPNml72_R,vPN,M_vPNml72,False,mPN,FIB
82,882353566,M_vPNml68_R,vPN,M_vPNml68,False,mPN,FIB
83,1539978151,M_vPNml76_R,vPN,M_vPNml76,False,mPN,FIB
84,1701325725,M_vPNml73_R,vPN,M_vPNml73,False,mPN,FIB
85,5813013823,M_vPNml87_R,vPN,M_vPNml87,False,mPN,FIB
86,5813014622,M_vPNml82_R,vPN,M_vPNml82,False,mPN,FIB
87,5813008771,M_vPNml53_R,vPN,M_vPNml53,False,mPN,FIB
88,294792184,M_vPNml53_R,vPN,M_vPNml53,False,mPN,FIB
89,1570685257,M_vPNml72_R,vPN,M_vPNml72,False,mPN,FIB
90,1069929827,M_vPNml57_R,vPN,M_vPNml57,False,mPN,FIB
91,697145036,M_vPNml83_R,vPN,M_vPNml83,False,mPN,FIB
92,573669915,M_vPNml83_R,vPN,M_vPNml83,False,mPN,FIB
93,5813071369,M_vPNml76_R,vPN,M_vPNml76,False,mPN,FIB
94,727855437,M_vPNml71_R,vPN,M_vPNml71,False,mPN,FIB
95,1570685132,M_vPNml76_R,vPN,M_vPNml76,False,mPN,FIB
96,634379734,M_vPNml88_R,vPN,M_vPNml88,False,mPN,FIB
97,572663539,M_vPNml87_R,vPN,M_vPNml87,False,mPN,FIB
98,1322353714,M_vPNml66_R,vPN,M_vPNml66,False,mPN,FIB
99,1322353841,M_vPNml77_R,vPN,M_vPNml77,False,mPN,FIB
100,604726283,M_vPNml77_R,vPN,M_vPNml77,False,mPN,FIB
101,1037518512,M_vPNml67_R,vPN,M_vPNml67,False,mPN,FIB
102,1447205712,M_vPNml77_R,vPN,M_vPNml77,False,mPN,FIB
103,542311358,M_vPNml69_R,vPN,M_vPNml69,False,mPN,FIB
104,1570685224,M_vPNml53_R,vPN,M_vPNml53,False,mPN,FIB
105,1322353824,M_vPNml75_R,vPN,M_vPNml75,False,mPN,FIB
106,603349484,M_vPNml85_R,vPN,M_vPNml85,False,mPN,FIB
107,635407942,M_vPNml85_R,vPN,M_vPNml85,False,mPN,FIB
108,760250272,M_vPNml84_R,vPN,M_vPNml84,False,mPN,FIB
109,5813071409,M_vPNml66_R,vPN,M_vPNml66,False,mPN,FIB
110,1570685033,M_vPNml54_R,vPN,M_vPNml54,False,mPN,FIB
111,761938645,M_vPNml67_R,vPN,M_vPNml67,False,mPN,FIB
112,605050789,M_vPNml84_R,vPN,M_vPNml84,False,mPN,FIB
113,480927537,M_vPNml70_R,vPN,M_vPNml70,False,mPN,FIB
114,541632990,M_vPNml70_R,vPN,M_vPNml70,False,mPN,FIB
115,791298858,M_vPNml84_R,vPN,M_vPNml84,False,mPN,FIB
116,729544359,M_vPNml84_R,vPN,M_vPNml84,False,mPN,FIB
117,5813045696,M_vPNml86_R,vPN,M_vPNml86,False,mPN,FIB
118,698526273,M_vPNml74_R,vPN,M_vPNml74,False,mPN,FIB
119,759922408,M_vPNml74_R,vPN,M_vPNml74,False,mPN,FIB
120,760250511,M_vPNml78_R,vPN,M_vPNml78,False,mPN,FIB
121,5813090752,M_vPNml81_R,vPN,M_vPNml81,False,mPN,FIB
122,1570684665,M_vPNml54_R,vPN,M_vPNml54,False,mPN,FIB
123,1571025824,M_vPNml86_R,vPN,M_vPNml86,False,mPN,FIB
124,5813054911,M_vPNml74_R,vPN,M_vPNml74,False,mPN,FIB
125,760264077,M_vPNml74_R,vPN,M_vPNml74,False,mPN,FIB
126,1819326555,M_vPNml89_R,vPN,M_vPNml89,False,mPN,FIB
127,729219639,M_vPNml74_R,vPN,M_vPNml74,False,mPN,FIB
128,610274029,M_vPNml50_R,vPN,M_vPNml50,False,mPN,FIB
129,610274046,M_vPNml50_R,vPN,M_vPNml50,False,mPN,FIB
130,1415825344,M_vPNml63_R,vPN,M_vPNml63,False,mPN,FIB
131,637462647,M_vPNml80_R,vPN,M_vPNml80,False,mPN,FIB
132,792616185,M_vPNml59_R,vPN,M_vPNml59,False,mPN,FIB
133,5813034081,M_vPNml58_R,vPN,M_vPNml58,False,mPN,FIB
134,1694850602,M_vPNml89_R,vPN,M_vPNml89,False,mPN,FIB
135,481268653,M_vPNml89_R,vPN,M_vPNml89,False,mPN,FIB
136,5812982656,M_smPN6t2_L,smPN,M_smPN6t2,False,mPN,FIB
137,1702306047,M_ilPN8t91_R,ilPN,M_ilPN8t91,False,mPN,FIB
138,1661769627,M_l2PN3t18_R,l2PN,M_l2PN3t18,False,mPN,FIB
139,1755556277,M_l2PN3t18_R,l2PN,M_l2PN3t18,False,mPN,FIB
140,1316245799,M_spPN4t9_R,spPN,M_spPN4t9,False,mPN,FIB
141,417199910,M_lvPNm36_R,lvPN,M_lvPNm36,False,mPN,FIB
142,5812995298,M_lvPNm35_R,lvPN,M_lvPNm35,False,mPN,FIB
143,1887872301,M_adPNm4_R,adPN,M_adPNm4,False,mPN,FIB
144,1888213190,M_adPNm4_R,adPN,M_adPNm4,False,mPN,FIB
145,731690040,M_spPN5t10_L,spPN,M_spPN5t10,False,mPN,FIB
146,1733370882,M_spPN5t10_R,spPN,M_spPN5t10,False,mPN,FIB
147,1825440160,MZ_lv2PN_R,lv2PN,MZ_lv2PN,False,mPN,FIB
148,5813044177,M_lPNm11A_R,lPN,M_lPNm11A,False,mPN,FIB
149,1102334088,M_lv2PN9t49_R,lv2PN,M_lv2PN9t49,False,mPN,FIB
1,1639243580,VP1d_il2PN(dALT),il2PN,VP1d_il2PN,False,uPN,FIB
2,1639234609,VP1d_il2PN(dALT),il2PN,VP1d_il2PN,False,uPN,FIB
3,1727979406,VP1d+VP4_l2PN1_R,l2PN,VP1d+VP4_l2PN1,False,mPN,FIB
4,5901222731,VP1d+VP4_l2PN2(lALT)_R,l2PN,VP1d+VP4_l2PN2,False,mPN,FIB
5,2065197353,VP5+VP3_l2PN(t10ALT)_R,l2PN,VP5+VP3_l2PN,False,biPN,FIB
6,2038617453,VP5+VP2_l2PN(t10ALT)_R,l2PN,VP5+VP2_l2PN,False,biPN,FIB
7,2069644133,VP5+_l2PN(t10ALT)_R,l2PN,VP5+_l2PN,False,uPN,FIB
8,1225100939,VP2+VC5_l2PN(lALT)_R,l2PN,VP2+VC5_l2PN,False,biPN,FIB
9,1788676257,VP3+_l2PN(t10ALT)_R,l2PN,VP3+_l2PN,False,uPN,FIB
10,5813069447,VP2_l2PN(lALT)_R,l2PN,VP2_l2PN,False,uPN,FIB
11,5813056072,VP1m_l2PN(lALT)_R,l2PN,VP1m_l2PN,False,uPN,FIB
12,5813063239,VP5+Z_adPN(uniAL+SEZ)_R,adPN,VP5+Z_adPN,False,uPN,FIB
13,1974846717,MZ_lvPN(multiAL+SEZ)_R,lvPN,MZ_lvPN,False,mPN,FIB
14,1881401277,VP1m+VP2_lvPN1_R,lvPN,VP1m+VP2_lvPN1,False,biPN,FIB
15,1943811736,VP1m+VP2_lvPN2_R,lvPN,VP1m+VP2_lvPN2,False,biPN,FIB
16,1881059780,VP1m+VP2_lvPN2_R,lvPN,VP1m+VP2_lvPN2,False,biPN,FIB
17,1943812176,VP1m+VP2_lvPN2_R,lvPN,VP1m+VP2_lvPN2,False,biPN,FIB
18,1912777226,M_lvPNm48_R,lvPN,M_lvPNm48,False,mPN,FIB
19,5812996748,VP1l+_lvPN_R,lvPN,VP1l+_lvPN,False,uPN,FIB
20,1858901026,VP2+_adPN_R,adPN,VP2+_adPN,False,uPN,FIB
21,850717220,VP1l+VP3_ilPN,ilPN,VP1l+VP3_ilPN,False,biPN,FIB
22,509626405,VP1l+_lvPN_R,lvPN,VP1l+_lvPN,False,uPN,FIB
23,850708783,M_lvPNm48_R,lvPN,M_lvPNm48,False,mPN,FIB
24,603785283,VP1l+VP3_ilPN,ilPN,VP1l+VP3_ilPN,False,biPN,FIB
25,1975187675,VP1m+VP2_lvPN2_R,lvPN,VP1m+VP2_lvPN2,False,biPN,FIB
26,1975187554,M_lvPNm48_R,lvPN,M_lvPNm48,False,mPN,FIB
27,1975878958,VP2_adPN_R,adPN,VP2_adPN,False,uPN,FIB
28,5813040515,VP3+VP1l_ivPN,ivPN,VP3+VP1l_ivPN,False,biPN,FIB
29,2069648663,VP1m+VP5_ilPN,ilPN,VP1m+VP5_ilPN,False,biPN,FIB
30,1944502935,VP1m+VP5_ilPN,ilPN,VP1m+VP5_ilPN,False,biPN,FIB
31,1755556097,VP3+VP1l_ivPN,ivPN,VP3+VP1l_ivPN,False,biPN,FIB
32,1039237469,M_vPNml61_R,vPN,M_vPNml61,False,mPN,FIB
33,543010474,VP4+_vPN(mlALT)_R,vPN,VP4+_vPN,False,uPN,FIB
34,634759240,VP4_vPN(mlALT)_R,vPN,VP4_vPN,False,uPN,FIB
35,663432544,VP3+_vPN(t10ALT)_R,vPN,VP3+_vPN,False,uPN,FIB
36,1789013008,VP4+VL1_l2PN(t3ALT)_R,l2PN,VP4+VL1_l2PN,False,biPN,FIB
37,663787020,VP1m+_lvPN(t2ALT)_R,lvPN,VP1m+_lvPN,False,uPN,FIB
38,664814903,VP1m+_lvPN(t2ALT)_R,lvPN,VP1m+_lvPN,False,uPN,FIB
39,5813077788,VP2+Z_lvPN(uniAL+SEZ)_R,lvPN,VP2+Z_lvPN,False,uPN,FIB
40,2100010400,VP5+VP2_l2PN(t10ALT)_R,l2PN,VP5+VP2_l2PN,False,biPN,FIB
41,1883443112,VP3+_l2PN(t10ALT)_R,l2PN,VP3+_l2PN,False,uPN,FIB
42,2289223313,VP1l+_lvPN_R,lvPN,VP1l+_lvPN,False,uPN,FIB
43,1788680591,M_l2PN10t19_R,l2PN,M_l2PN10t19,False,mPN,FIB
44,1788685103,M_l2PN10t19_R,l2PN,M_l2PN10t19,False,mPN,FIB
45,1630734360,M_lPNm11A_R,lPN,M_lPNm11A,False,mPN,FIB
46,763730414,M_smPNm1_L,smPN,M_smPNm1,False,mPN,FIB
47,5813083723,M_l2PNm17_R,l2PN,M_l2PNm17,False,mPN,FIB
48,819993149,M_lPNm11A_R,lPN,M_lPNm11A,False,mPN,FIB
49,5812983053,M_vPNml60_R,vPN,M_vPNml60,False,mPN,FIB
50,976830572,M_vPNml60_R,vPN,M_vPNml60,False,mPN,FIB
51,947513805,M_vPNml62_R,vPN,M_vPNml62,False,mPN,FIB
52,1070613107,M_vPNml61_R,vPN,M_vPNml61,False,mPN,FIB
53,975457916,M_vPNml60_R,vPN,M_vPNml60,False,mPN,FIB
54,1888178718,M_lv2PN9t49_R,lv2PN,M_lv2PN9t49,False,mPN,FIB
